Lat,Long,Date,FireDate,BurnID,ID,fireType,Sev4Cls,Sev5Cls,CBI_Plot,CBI_Under,CBI_Over,OzCBI_Plot,OzCBI_Under,OzCBI_Over,RBR,dNBR,NBRpre,NBRpost,siteReserve,fireHx,plotType,plotNumber,plotTag,Obs,Sev_Field,%burn,A1,A2,A3,A4,A5,CBI_A,B%cov,B1,B2,B3,B4,CBI_B,C%cov,C1,C2,C3,C4,CBI_C,D%cov,D1,D2,D3,D4,D5,CBI_D,E%cov,E1,E2,E3,E4,E5,CBI_E,firemonNotes,A1,A2,A3,A4,OzCBI_A,B%cov,B1,B2,B3,OzCBI_B,C%cov,C1,C2,C3,OzCBI_C,E.ht,E%cov,E1,E2,E3,E4,OzCBI_E,OZcbiNotes,dataNotes,missingData,rbr,dnbr,preNBR,postNBR,RdNBR
-31.12471,115.91716,19-Jan-20,17-Sep-19,SWC_046,RedGully1978_CBI1,PB,Hi,CB,2.576041667,2.534722222,2.7,,,,623.55774,872.63007,0.39844,-0.47419,RedGullyNR,1978,CBI,CBI1,,JBF,H,100,3,NA,1,NA,1,1.666666667,45,3,3,3,3,3,10,2.75,3,3,3,2.9375,35,3,2.5,2.5,3,2.5,2.7,,,,,,,,"High sev, most canopy consumed",,,,,,,,,,,,,,,,,,,,,,,,,,432.5949418,505.2783816,0.166732832,-0.338545554,1237.428614
-31.564284,115.684454,16-Jan-20,11-Dec-19,SWC_057,Yanch05_CBI3,WF,Hi,CB,2.708333333,2.708333333,,,,,606.73883,802.81671,0.32217,-0.48065,YanchepNP,2005,CBI,CBI3,,JBF,hi,100,3,NA,3,NA,1.5,2.5,10,2.5,3,3,3,2.875,50,2,3,3,3,2.75,NA,,,,,,,NA,,,,,,,"ridge heaty; high severity; banksess, haketrif, xantprei.",,,,,,,,,,,,,,,,,,,,,,,,,,530.0341302,593.9607496,0.119608304,-0.474352459,1717.422229
-31.560812,115.681216,18-Jan-20,11-Dec-19,SWC_057,Yanch02_CBI1,WF,Hi,CB,2.916666667,2.888888889,3,,,,594.94354,762.6673,0.28092,-0.48175,YanchepNP,2002,CBI,CBI1,,JBF,hi,100,3,NA,3,NA,2,2.666666667,15,3,3,3,3,3,80,3,3,3,3,3,5,3,3,3,3,3,3,,,,,,,,heath; banksess; 3 bankattes; hi sev,,,,,,,,,,,,,,,,,,,,,,,,,,520.6512726,567.880036,0.089711542,-0.478168522,1895.974277
-31.562994,115.683379,16-Jan-20,11-Dec-19,SWC_057,Yanch05_plot4,WF,Hi,CB,2.875,2.833333333,3,,,,593.68732,774.41162,0.30341,-0.471,YanchepNP,2005,veg,plot4,,JBF,hi,100,3,NA,3,NA,1.5,2.5,35,3,3,3,3,3,20,3,3,3,3,3,15,3,3,3,3,3,3,0,,,,,,,high severity; tag melted; 100% canopy consumed; significant branch loss.,,,,,,,,,,,,,,,,,,,,,,,,,,513.6797197,564.6207536,0.098139306,-0.466481429,1802.334289
-31.562775,115.683626,16-Jan-20,11-Dec-19,SWC_057,Yanch05_CBI2,WF,Hi,CB,2.75,2.75,,,,,573.11017,731.30414,0.27503,-0.45628,YanchepNP,2005,CBI,CBI2,,JBF,hi,100,3,NA,3,NA,1.5,2.5,5,3,2,3,3,2.75,65,3,3,3,3,3,,,,,,,,,,,,,,,"ridge heath; Melaleuca, haketrif, banksess; looks pretty hot; 100% canopy consumed, some branch loss.",,,,,,,,,,,,,,,,,,,,,,,,,,490.0479123,529.9354713,0.080349953,-0.449585533,1869.520257
-31.561818,115.683535,16-Jan-20,11-Dec-19,SWC_057,Yanch05_CBI1,WF,Hi,CB,2.85,2.833333333,2.9,,,,559.73126,676.38977,0.20742,-0.46897,YanchepNP,2005,CBI,CBI1,,JBF,hi,100,3,NA,3,NA,1.5,2.5,50,3,3,3,3,3,10,3,3,3,3,3,25,3,2.5,3,3,3,2.9,0,,,,,,,high severity; scorch = max height; 100% canopy consumed.,,,,,,,,,,,,,,,,,,,,,,,,,,472.8674207,485.7065229,0.026059255,-0.459647275,3008.797365
-31.560601,115.682091,18-Jan-20,11-Dec-19,SWC_057,Yanch02_plot4,WF,Hi,CB,3,3,3,,,,556.92029,717.93335,0.28811,-0.42982,YanchepNP,2002,veg,plot4,,JBF,mod hi,100,3,NA,3,2,2,2.5,40,3,3,5,3,3.5,20,3,3,3,3,3,25,3,3,3,3,3,3,,,,,,,,"tag intact; 80% canopy concumed; Acacia, allofras, bankatte",,,,,,,,,,,,,,,,,,,,,,,,,,469.3441783,504.28899,0.072955519,-0.431333481,1867.02619
-31.561299,115.682693,18-Jan-20,11-Dec-19,SWC_057,Yanch02_plot1,WF,Hi,CB,2.958333333,2.944444444,3,,,,550.13953,691.17297,0.25536,-0.43581,YanchepNP,2002,veg,plot1,,JBF,very hi,100,3,NA,3,NA,2.5,2.833333333,35,3,3,3,3,3,20,3,3,3,3,3,25,3,3,3,3,3,3,,,,,,,,very hi severity; extreme torching; canopy consumption; tag melted,,,,,,,,,,,,,,,,,,,,,,,,,,462.330192,490.378146,0.059017095,-0.431361056,2018.562472
-31.562552,115.682911,16-Jan-20,11-Dec-19,SWC_057,Yanch05_plot3,WF,Hi,CB,2.908333333,2.944444444,2.8,,,,546.74677,663.74591,0.21299,-0.45075,YanchepNP,2005,veg,plot3,,JBF,hi,100,3,NA,3,NA,2.5,2.833333333,40,3,3,3,3,3,30,3,3,3,3,3,10,3,2.5,2.5,3,3,2.8,0,,,,,,,high severity; plot tag melted; 90% canopy consumed,,,,,,,,,,,,,,,,,,,,,,,,,,463.5187522,479.1861374,0.032786466,-0.446399663,2646.40888
-31.561488,115.681701,18-Jan-20,11-Dec-19,SWC_057,Yanch02_plot6,WF,Hi,CB,2.916666667,2.888888889,3,,,,535.53625,634.03571,0.18293,-0.45111,YanchepNP,2002,veg,plot6,,JBF,hi,100,3,NA,3,NA,2,2.666666667,40,3,3,3,3,3,15,3,3,3,3,3,10,3,3,3,3,3,3,,,,,,,,tag melted; 100% canopy consumed,,,,,,,,,,,,,,,,,,,,,,,,,,452.8097555,451.2333724,-0.004559536,-0.455792908,6682.529265
-31.561042,115.682636,18-Jan-20,11-Dec-19,SWC_057,Yanch02_plot3,WF,Hi,CB,2.958333333,2.944444444,3,,,,531.31677,655.88489,0.23345,-0.42243,YanchepNP,2002,veg,plot3,,JBF,hi,100,3,NA,3,NA,2.5,2.833333333,30,3,3,3,3,3,30,3,3,3,3,3,15,3,3,3,3,3,3,,,,,,,,tag melted; 100% canopy consumed,,,,,,,,,,,,,,,,,,,,,,,,,,429.5919833,451.6588049,0.050753737,-0.400905072,2004.825002
-31.44389,115.599585,17-Jan-20,11-Dec-19,SWC_057,WilbingaRd_CaraPB17.2,WF,Hi,CB,2.833333333,2.833333333,,,,,516.47882,667.86731,0.29212,-0.37575,CarabanWest,,CBI,CaraPB17.2,,"JBF, LLW",very high severy,100,3,NA,NA,NA,2,2.5,30,3,3,3,3,3,30,3,3,3,3,3,0,,,,,,,0,,,,,,,"coastal heath, very high severity; Caraban State Forest, west end of Wilbinga Rd",,,,,,,,,,,,,,,,,,,,,,,,,,505.7153135,649.4388458,0.283152964,-0.366285867,1220.471679
-31.561752,115.683186,16-Jan-20,11-Dec-19,SWC_057,Yanch05_plot1,WF,Hi,CB,2.825,2.833333333,2.8,,,,515.78918,611.37335,0.18432,-0.42706,YanchepNP,2005,veg,plot1,,JBF,hi,100,3,NA,3,NA,1.5,2.5,25,3,3,3,3,3,20,3,3,3,3,3,15,3,2.5,2.5,3,3,2.8,,,,,,,,high severity; 90% canopy consumed; tag partial melt,,,,,,,,,,,,,,,,,,,,,,,,,,432.6981798,437.6235452,0.010512182,-0.42711137,4268.293143
-31.563253,115.682267,16-Jan-20,11-Dec-19,SWC_057,Yanch05_plot5,WF,Hi,CB,2.64375,2.791666667,2.2,,,,511.45087,613.0592,0.19767,-0.41539,YanchepNP,2005,veg,plot5,,JBF,hi,100,3,NA,3,NA,1.5,2.5,25,3,3,3,3,3,15,2.5,3,3,3,2.875,15,3,1,2.5,3,1.5,2.2,0,,,,,,,high severity; Banksia canopy; scorch but not consumed; tag intact.,,,,,,,,,,,,,,,,,,,,,,,,,,413.2552022,416.8220727,0.007570078,-0.409252002,4790.717057
-31.561792,115.681098,18-Jan-20,11-Dec-19,SWC_057,Yanch02_plot7,WF,Hi,CB,2.916666667,2.888888889,3,,,,508.19061,592.82813,0.16555,-0.42728,YanchepNP,2002,veg,plot7,,JBF,hi,100,3,NA,3,NA,2,2.666666667,40,3,3,3,3,3,10,3,3,3,3,3,10,3,3,3,3,3,3,,,,,,,,tag melted; 100% canopy consumed,,,,,,,,,,,,,,,,,,,,,,,,,,421.216637,417.7153523,-0.009365365,-0.427080723,4316.364173
-31.563788,115.686164,16-Jan-20,11-Dec-19,SWC_057,Yanch05_CBI4,WF,Hi,CB,2.835,2.825,2.85,,,,494.65399,799.14221,0.61456,-0.18458,YanchepNP,2005,CBI,CBI4,,JBF,mod hi,100,3,3,3,2,2,2.6,2,3,2.5,3,3,2.875,15,3,3,3,3,3,35,3,3,2.5,3,3,2.9,15,3,2.5,2.5,3,3,2.8,under Euc canopy; up to 20-25m; midstory consumed; canopy scorch not consumed.,,,,,,,,,,,,,,,,,,,,,,,,,,403.8784567,550.9762769,0.362876816,-0.188099468,914.6465254
-31.561445,115.682399,18-Jan-20,11-Dec-19,SWC_057,Yanch02_plot2,WF,Hi,CB,2.891666667,2.888888889,2.9,,,,486.10965,556.03998,0.14286,-0.41318,YanchepNP,2002,veg,plot2,,JBF,hi,100,3,NA,3,NA,2,2.666666667,30,3,3,3,3,3,15,3,3,3,3,3,20,3,2.5,3,3,3,2.9,,,,,,,,tag melted; 90% canopy consumed,,,,,,,,,,,,,,,,,,,,,,,,,,416.6259338,419.523501,0.005565744,-0.41395776,5623.344628
-31.5621,115.682687,18-Jan-20,11-Dec-19,SWC_057,Yanch05_plot2,WF,Hi,CB,2.775,2.833333333,2.6,,,,482.9903,566.79974,0.17252,-0.39428,YanchepNP,2005,veg,plot2,,JBF,hi?,100,3,NA,3,NA,1.5,2.5,40,3,3,3,3,3,5,3,3,3,3,3,20,3,2,2.5,3,2.5,2.6,,,,,,,,tag partial melt; 80% canopy consumed.,,,,,,,,,,,,,,,,,,,,,,,,,,398.7626685,395.5450509,-0.009168367,-0.404713414,4130.950223
-31.562997,115.685998,16-Jan-20,11-Dec-19,SWC_057,Yanch05_CBI5,WF,Hi,CB,2.82,2.866666667,2.75,,,,479.19055,758.03424,0.58091,-0.17713,YanchepNP,2005,CBI,CBI5,,JBF,hi,100,3,3,3,2,2,2.6,15,3,3,3,3,3,5,3,3,3,3,3,15,3,2,2,3,3,2.6,30,3,3,2.5,3,3,2.9,"high severity; under Eucs; midstory consumed, overstory scorch.",,,,,,,,,,,,,,,,,,,,,,,,,,400.2523863,559.3792069,0.395990599,-0.163388622,888.9224637
-31.547332,115.666661,20-Jan-20,11-Dec-19,SWC_057,Yanch91_plot6,WF,Hi,CB,2.581666667,2.569444444,2.6,,,,474.33032,556.36005,0.17194,-0.38442,YanchepNP,1991,veg,plot6,,JBF,H,100,3,NA,1,NA,1.5,1.833333333,303,3,3,3,3,3,10,2.5,3,3,3,2.875,10,3,2.5,3,3,3,2.9,,3,0,2.5,3,3,2.3,"High Sev, One big Tuart to North",,,,,,,,,,,,,,,,,,,,,,,,,,395.6121785,403.657237,0.01931616,-0.384341067,2904.372735
-31.408313,115.746806,2-May-21,11-Jan-21,SWC_XXX,RedwoodRd2005_CBI5,WF,Hi,CB,2.895833333,2.944444444,2.75,2.625,2.5,3,474.142,626.18188,0.31966,-0.30652,YealNR,2005,CBI,CBI5,na,JBF,hi sev,100,3,2.75,2.75,,,2.833333333,25,3,3,3,3,3,10,3,3,3,3,3,70,3,2,2.75,3,3,2.75,,,,,,,,mela swamp ~7.5m canopy.very hi sev.,3,,3,,3,,3,,,3,,,,1.5,1.5,,,,,,3,3,,,,,,,,
-31.358044,115.591986,17-Jan-20,11-Dec-19,SWC_057,CaraWestPB_hs2_south,WF,Hi,CB,2.735416667,2.847222222,2.4,,,,467.20483,557.16083,0.19154,-0.36562,CarabanWest,2015.05,CBI,hs2_south,,"JBF, LLW",high sev,100,3,NA,3,NA,2,2.666666667,35,3,3,3,3,3,5,2.5,3,3,3,2.875,20,3,1,2.5,3,2.5,2.4,,,,,,,,"100% canopy death, 10% canopy consumption",,,,,,,,,,,,,,,,,,,,,,,,,,445.2356682,516.186603,0.158141592,-0.358045007,1298.026847
-31.409292,115.748772,2-May-21,11-Jan-21,SWC_XXX,RedwoodRd2005_CBI3,WF,Hi,CB,2.96875,2.958333333,3,2.6875,2.583333333,3,465.46683,510.92371,0.09666,-0.41427,YealNR,2005,CBI,CBI3,na,JBF,hi sev,100,3,3,3,,,3,15,3,3,3,3,3,10,2.5,3,3,3,2.875,40,3,3,3,3,,3,,,,,,,,mela & nuyt 6m canopy: canopy consumption.,3,,3,,3,,3,,,3,,,2.5,1,1.75,,,,,,3,3,,,,,,,,
-31.409054,115.752648,2-May-21,11-Jan-21,SWC_XXX,RedwoodRd2005_CBI2,WF,Hi,CB,2.825,2.916666667,2.55,2.75,2.75,2.75,464.65744,526.12549,0.13129,-0.39484,YealNR,2005,CBI,CBI2,na,JBF,hi sev,100,3,,2.5,,,2.75,10,3,3,3,3,3,30,3,3,3,3,3,20,3,1.75,2.5,3,2.5,2.55,,,,,,,,canopy consumption. Scortch in tall euctod. This should have higher dNBR w bigger trees.,2.75,,3,,2.875,,3,,,3,,,2.5,2.25,2.375,,,,,,2.75,2.75,,,,,,,,
-31.125242,115.915597,19-Jan-20,17-Sep-19,SWC_046,RedGully1978_plot3,PB,Hi,CB,2.56875,2.625,2.4,,,,460.39224,570.17053,0.23745,-0.33273,RedGullyNR,1978,veg,plot3,,JBF,H,100,3,NA,1.5,NA,1.5,2,40,3,3,3,3,3,15,2.5,3,3,3,2.875,15,3,1,2.5,3,2.5,2.4,,,,,,,,Hi severity,,,,,,,,,,,,,,,,,,,,,,,,,,306.9164768,333.2268278,0.084658215,-0.2485686,1145.263461
-31.24601986,116.0069237,26-Nov-20,13-Sep-20,SWC_058,CullallaRd2001cbi5,PB,Hi,CB,3,3,,2.875,2.875,,459.7363,512.25226,0.11323,-0.39902,CullallaRd,2001,cbi,cbi5,,jbf,hi,100,2.5,,2.5,,0,1.666666667,40,3,3,3,3,3,0,,,,,,0,,,,,,,,,,,,,,hi sev. Low heath.,3,,2.5,,2.75,,3,3,,3,,,,,,,,,,,,,,,,,,,,
-31.4151166,115.7335123,2-May-21,11-Jan-21,SWC_XXX,NuytsiaRd2015_plot4,WF,Hi,CB,2.921875,2.979166667,2.75,2.59375,2.541666667,2.75,451.1788,528.14105,0.16958,-0.35856,YealNR,2015,veg,plot4,9335,JBF,hi sev,100,3,,,,,3,35,3,3,3,,3,5,2.75,3,3,3,2.9375,30,3,2.5,2.75,3,2.5,2.75,,,,,,,,hi sev,2.75,,2.5,,2.625,,3,,,3,,,2.5,1.5,2,,,,,,2.75,2.75,,,,,,,,
-31.41520444,115.7347614,2-May-21,11-Jan-21,SWC_XXX,NuytsiaRd2015_plot5,WF,Hi,CB,2.975,3,2.9,2.6875,2.666666667,2.75,448.16376,523.81232,0.1678,-0.35602,YealNR,2015,veg,plot5,new tag 486,JBF,hi sev,100,3,,,,,3,40,3,3,3,3,3,5,3,3,3,3,3,15,3,3,2.75,3,2.75,2.9,,,,,,,,very hi severity.,3,,3,,3,,3,,,3,,,2.5,1.5,2,,,,,,2.75,2.75,,,,,,,,
-31.24598531,116.0033142,26-Nov-20,13-Sep-20,SWC_058,CullallaRd2001veg7,PB,Hi,CB,2.520833333,2.611111111,2.25,2.291666667,2.833333333,1.75,443.93637,459.47006,0.03399,-0.42548,CullallaRd,2001,veg,veg7,,jbf,hi,100,2.5,,2.5,,0.5,1.833333333,50,3,3,,3,3,2,3,3,3,3,3,10,2.75,1,2.5,2.75,,2.25,,,,,,,,,3,,2.5,2.5,2.666666667,,3,,,3,,,2.5,0.5,1.5,5.5,,,,,2,2,12 trees in approx 20m.,,,,,,,
-31.41630055,115.7316828,2-May-21,11-Jan-21,SWC_XXX,NuytsiaRd2015_plot2,WF,Hi,CB,2.9375,3,2.75,2.71875,2.708333333,2.75,439.29266,529.20349,0.20367,-0.32553,YealNR,2015,veg,plot2,9340,JBF,hi sev,100,3,,,,,3,35,3,3,,3,3,10,3,3,3,3,3,20,3,2.5,2.75,3,2.5,2.75,,,,,,,,,2.75,,3,,2.875,,3,,,3,,,2.5,2,2.25,,,,,,2.75,2.75,,,,,,,,
-31.444843,115.611344,17-Jan-20,11-Dec-19,SWC_057,WilbingaRd_CaraPB17.4,WF,Hi,CB,2.625,2.625,,,,,436.71866,536.86017,0.2283,-0.30856,CarabanWest,,CBI,CaraPB17.4,,"JBF, LLW",very high severy,100,3,NA,NA,NA,1.5,2.25,65,3,3,3,3,3,0,,,,,,0,,,,,,,0,,,,,,,very high severity; limestone ridge; heath; melahueg and acaccylop/acacrost,,,,,,,,,,,,,,,,,,,,,,,,,,427.5307962,523.0214154,0.222357435,-0.300663982,1109.158582
-31.41535,115.732048,2-May-21,11-Jan-21,SWC_XXX,NuytsiaRd2015_plot3,WF,Hi,CB,2.875,3,2.5,2.5,2.583333333,2.25,434.03189,518.28857,0.19313,-0.32516,YealNR,2015,veg,plot3,244,JBF,hi sev,100,3,,,,,3,30,3,3,3,3,3,5,3,3,3,3,3,15,3,2.5,2.5,3,1.5,2.5,,,,,,,,hi sev,2.75,,2.75,,2.75,,3,,,3,,,2.5,1.5,2,,,,,,2.25,2.25,,,,,,,,
-31.41712801,115.7316925,2-May-21,11-Jan-21,SWC_XXX,NuytsiaRd2015_plot1,WF,Hi,CB,2.9375,3,2.75,2.71875,2.625,3,429.46097,501.71155,0.16724,-0.33448,YealNR,2015,veg,plot1,new tag 491,JBF,hi sev,100,3,,,,,3,35,3,3,,3,3,10,3,3,3,3,3,20,3,2.5,2.5,3,2.75,2.75,,,,,,,,very hi severity. Uniform.,2.75,,3,,2.875,,3,,,3,,,2.5,1.5,2,,,,,,3,3,,,,,,,,
-31.442908,115.599349,17-Jan-20,11-Dec-19,SWC_057,WilbingaRd_CaraPB17.1,WF,Hi,CB,2.6,2.666666667,2.4,,,,427.85422,475.62503,0.11065,-0.36497,CarabanWest,,CBI,CaraPB17.1,,"JBF, LLW",high sev,95,2.5,NA,NA,NA,2,2.25,30,2.5,3,3,3,2.875,25,2.5,3,3,3,2.875,5,3,1,2.5,3,2.5,2.4,,,,,,,,"high severity, heathy with low banksias",,,,,,,,,,,,,,,,,,,,,,,,,,402.3062957,447.4842906,0.111254357,-0.336229932,1341.588356
-31.40537507,115.7531837,2-May-21,11-Jan-21,SWC_XXX,RedwoodRd2005_plot1,WF,Hi,CB,2.934375,2.979166667,2.8,2.4375,2.5,2.25,391.57928,432.44104,0.10335,-0.32909,YealNR,2005,veg,plot1,new 9354,JBF,hi sev,100,3,,,,,3,25,3,3,3,3,3,3,2.75,3,3,3,2.9375,25,3,2.75,2.75,3,2.5,2.8,,,,,,,,very hi/high sev. Canopy scortch consumption.,2.75,,2.75,,2.75,,3,,,3,,,2.5,1,1.75,,,,,,2.25,2.25,,,,,,,,
-31.40754473,115.7533294,2-May-21,11-Jan-21,SWC_XXX,RedwoodRd2005_plot3,WF,Hi,CB,2.8719,2.979166667,2.55,2.59375,2.791666667,2,384.02335,410.75409,0.06861,-0.34215,YealNR,2005,veg,plot3,340,JBF,hi sev,100,3,,,,,3,35,3,3,3,3,3,15,2.75,3,3,3,2.9375,15,3,2.25,2.5,3,2,2.55,,,,,,,,very hi sev. Canopy consumption.,3,,3,,3,,3,,,3,,,2.5,2.25,2.375,,,,,,2,2,,,,,,,,
-31.40648349,115.7533825,2-May-21,11-Jan-21,SWC_XXX,RedwoodRd2005_plot2,WF,Hi,CB,2.86875,2.958333333,2.6,2.6875,2.75,2.5,383.8187,407.94958,0.06187,-0.34608,YealNR,2005,veg,plot2,new 9343,JBF,hi sev,100,3,,,,,3,20,3,3,3,3,3,25,2.5,3,3,3,2.875,15,3,2,2.5,3,2.5,2.6,,,,,,,,very hi sev. Canopy consumption.,3,,3,,3,,3,,,3,,,2.5,2,2.25,,,,,,2.5,2.5,,,,,,,,
-31.16606989,115.6654381,25-Nov-20,24-Sep-20,SWC_010,MooreRiverNR1996cbi1,PB,Hi,CB,2.766666667,2.722222222,2.9,2.375,3,1.75,365.72275,377.90979,0.03232,-0.34559,MooreRiverNR,1996,cbi,cbi1,,"jbf, bgh",hi,100,3,,3,,0.5,2.166666667,40,3,3,,3,3,15,3,3,3,3,3,5,3,3,2.5,3,3,2.9,,,,,,,,Swamp,3,,3,,3,,3,,,3,,,,1,1,4,,,,,2.5,2.5,,,,,,,,
-31.40824,115.753853,2-May-21,11-Jan-21,SWC_XXX,RedwoodRd2005_CBI1,WF,Hi,CB,2.675,2.833333333,2.2,2.25,2.416666667,1.75,359.56958,384.8353,0.06927,-0.31557,YealNR,2005,CBI,CBI1,na,JBF,hi sev,100,2.75,,,,,2.75,20,2.5,3,3,3,2.875,25,2.5,3,3,3,2.875,25,3,1.5,2.5,3,1,2.2,,,,,,,,"scortch, a littile consumption.",2.5,,2.5,,2.5,,2.75,,,2.75,,,2.5,1.5,2,,,,,,1.75,1.75,,,,,,,,
-31.356682,115.592175,17-Jan-20,11-Dec-19,SWC_057,CaraWestPB_hs2_north,WF,Hi,CB,2.547916667,2.680555556,2.15,,,,322.87338,380.87772,0.17865,-0.20223,CarabanWest,2015.05,CBI,hs2_north,,"JBF, LLW",hi sev,100,3,NA,2,NA,1.5,2.166666667,50,3,3,3,3,3,10,2.5,3,3,3,2.875,35,2.5,1,2.5,2.75,2,2.15,,,,,,,,"high severity woodland, scorch, 5% green tree canopy",,,,,,,,,,,,,,,,,,,,,,,,,,323.2245155,376.7727444,0.16458325,-0.212189501,928.7239856
-31.442862,115.60591,17-Jan-20,11-Dec-19,SWC_057,WilbingaRd_CaraPB1,WF,Hi,CB,2.833333333,2.833333333,,,,,295.3071,335.6246,0.13553,-0.2001,CarabanWest,,CBI,CaraPB1,,"JBF, LLW",high sev,100,3,NA,NA,NA,2,2.5,65,3,3,3,3,3,15,3,3,3,3,3,,,,,,,,,,,,,,,"hi sev, banksess",,,,,,,,,,,,,,,,,,,,,,,,,,291.1226786,331.5267912,0.133987299,-0.197539492,905.7051019
-31.124357,115.91653,19-Jan-20,17-Sep-19,SWC_046,RedGully1978_plot6,PB,Hi,CS,2.460416667,2.513888889,2.3,,,,550.53619,720.91486,0.30848,-0.41244,RedGullyNR,1978,veg,plot6,,JBF,H,100,3,NA,0.5,NA,1.5,1.666666667,50,3,3,3,3,3,10,2.5,3,3,3,2.875,20,3,1,2.5,3,2,2.3,,,,,,,,"Hi sev, 100% canopy loss, mostly scorch",,,,,,,,,,,,,,,,,,,,,,,,,,387.0385051,437.786983,0.1299989,-0.307788079,1214.207763
-31.12757,115.90502,19-Jan-20,17-Sep-19,SWC_046,RedGully2004_CBI1,PB,Hi,CS,2.575,2.666666667,2.3,,,,531.49579,707.3241,0.32982,-0.37751,RedGullyNR,2004,CBI,CBI1,,JBF,H,100,3,NA,1.5,NA,1.5,2,40,3,3,3,3,3,35,3,3,3,3,3,10,3,1,2.5,3,2,2.3,,,,,,,,"Hi Sev, torching +some canopy consumed",,,,,,,,,,,,,,,,,,,,,,,,,,404.7515219,463.0625761,0.143029464,-0.320033106,1224.410168
-31.12497,115.916299,19-Jan-20,17-Sep-19,SWC_046,RedGully1978_plot2,PB,Hi,CS,2.429166667,2.472222222,2.3,,,,513.10522,659.21014,0.28375,-0.37546,RedGullyNR,1978,veg,plot2,,JBF,H,100,3,NA,1,NA,1,1.666666667,50,2.5,3,3,3,2.875,20,2.5,3,3,3,2.875,20,3,1,2.5,3,2,2.3,,,,,,,,"HI Sev site, total canopy loss, mix of torch & scorch",,,,,,,,,,,,,,,,,,,,,,,,,,364.4206159,398.4337303,0.092547425,-0.305886311,1309.706332
-31.24473816,116.0041522,26-Nov-20,13-Sep-20,SWC_058,CullallaRd2001veg5,PB,Hi,CS,2.46875,2.5,2.375,2.375,2.75,2,490.06537,542.17426,0.10533,-0.43684,CullallaRd,2001,veg,veg5,,jbf,hi,100,2.5,,2,,0,1.5,40,3,3,,3,3,10,3,3,3,3,3,12,3,1,2.5,3,,2.375,,,,,,,,,3,,2.5,2,2.5,,3,3,,3,,,2.5,1.5,2,5.5,,,,,2,2,,,,,,,,
-31.548561,115.667109,20-Jan-20,11-Dec-19,SWC_057,Yanch91_plot3,WF,Hi,CS,2.546666667,2.611111111,2.45,,,,485.81183,624.67682,0.28484,-0.33984,YanchepNP,1991,veg,plot3,,JBF,H,100,3,NA,1,NA,1.5,1.833333333,35,3,3,3,3,3,30,3,3,3,3,3,15,3,2,2.5,3,2.5,2.6,10,3,0,2.5,3,3,2.3,"Hi Sev,Tuart 100% Scorch, Banksia Consumed N 85% canopy",,,,,,,,,,,,,,,,,,,,,,,,,,424.5875754,475.9370339,0.120242919,-0.355694107,1372.52336
-31.563028,115.681588,16-Jan-20,11-Dec-19,SWC_057,Yanch05_plot6,WF,Hi,CS,2.5375,2.583333333,2.4,,,,485.39178,577.12091,0.18798,-0.38914,YanchepNP,2005,veg,plot6,,JBF,hi,100,3,NA,2,NA,1,2,30,3,3,2.5,3,2.875,15,2.5,3,3,3,2.875,20,3,2,2.5,3,1.5,2.4,,,,,,,,high severity; tree canopy still on trees; some shrub with unconsumed leaves.,,,,,,,,,,,,,,,,,,,,,,,,,,382.3177217,389.6624755,0.018243724,-0.37141876,2884.907124
-31.36511,115.754313,,18-Oct-20,SWC_052,YealNR2006cbi2,PB,Hi,CS,2.458333333,2.444444444,2.5,2.635416667,2.604166667,2.666666667,482.39941,672.70844,0.39351,-0.2792,YealNR,2006,cbi,cbi2,,,hi,100,2.5,,1,,0.5,1.333333333,40,3,3,,3,3,10,3,3,3,3,3,45,3,1.5,2.5,3,2.5,2.5,,,,,,,,,2.5,3,2.5,2.5,2.625,50,3,2.5,2.25,2.583333333,25,3,2.5,1.5,2.333333333,5,50,3,,,3,3,,,,,,,,
-31.548,115.66718,20-Jan-20,11-Dec-19,SWC_057,Yanch91_CBI1,WF,Hi,CS,2.686666667,2.777777778,2.55,,,,481.76187,747.66089,0.55093,-0.19673,YanchepNP,1991,CBI,CBI1,,JBF,H,100,3,NA,2,NA,2,2.333333333,15,3,3,3,3,3,5,3,3,3,3,3,10,3,2.5,2.5,3,3,2.8,65,3,0,2.5,3,3,2.3,"Hi Sev, Tuart 100% Scorch, Banksia 100% torch",,,,,,,,,,,,,,,,,,,,,,,,,,408.6553324,551.5792594,0.34876407,-0.20281518,933.9896401
-31.24524186,116.0037788,26-Nov-20,13-Sep-20,SWC_058,CullallaRd2001veg6,PB,Hi,CS,2.416666667,2.347222222,2.625,2.375,2.75,2,467.96356,499.86115,0.06716,-0.4327,CullallaRd,2001,veg,veg6,,jbf,hi,100,2,,1.5,,0,1.166666667,35,3,3,,3,3,10,2.5,3,3,3,2.875,20,3,2,2.5,3,,2.625,,,,,,,,,3,,2.25,2.25,2.5,,3,3,,3,,,2.5,1,1.75,5,,,,,2.25,2.25,,,,,,,,
-31.24512532,116.0030397,26-Nov-20,13-Sep-20,SWC_058,CullallaRd2001veg3,PB,Hi,CS,2.447916667,2.472222222,2.375,2.291666667,2.833333333,1.75,458.56757,498.07321,0.08515,-0.41292,CullallaRd,2001,veg,veg3,,jbf,hi,100,2.5,,2,,0.5,1.666666667,40,2.5,3,3,3,2.875,10,2.5,3,3,3,2.875,10,3,1,2.5,3,,2.375,,,,,,,,,3,,2.5,2.5,2.666666667,,3,3,,3,,,2.5,1.5,2,5,,,,,1.5,1.5,,,,,,,,
-31.5174,115.67299,20-Jan-20,11-Dec-19,SWC_057,Yanch01_CBI1,PBWF,Hi,CS,1.985416667,1.930555556,2.15,,,,444.93295,626.38574,0.40682,-0.21957,YanchepNP,2001,CBI,CBI1,,"JBF, Emma Clingan",H,90,1.5,NA,1,NA,1,1.166666667,50,3,3,3,3,3,10,2,1.5,1.5,1.5,1.625,10,2.25,1,2.5,2.5,2.5,2.15,,,,,,,,"High Sev, Minor torching,Mostly scorched, Small% canopy survived",,,,,,,,,,,,,,,,,,,,,,,,,,375.4663898,458.8138398,0.220903096,-0.23791074,976.1928185
-31.24468507,116.0034638,26-Nov-20,13-Sep-20,SWC_058,CullallaRd2001veg4,PB,Hi,CS,2.369791667,2.368055556,2.375,2,2.75,1.25,444.43073,490.74829,0.10322,-0.38753,CullallaRd,2001,veg,veg4,,jbf,hi,100,2.25,,1.5,,0,1.25,40,2.75,3,,3,2.916666667,8,2.75,3,3,3,2.9375,15,3,1,2.5,3,,2.375,,,,,,,,,3,,2.5,2,2.5,,3,3,,3,,,,1,1,5.5,,,,,1.5,1.5,,,,,,,,
-31.18578136,115.5163405,28-Nov-20,18-Oct-20,SWC_051,KooianaRd2008cbi6,PB,Hi,CS,2.458333333,2.402777778,2.625,2.520833333,2.666666667,2.375,443.07745,513.92456,0.1589,-0.35503,KooianaRd,2008,cbi,cbi6,,jbf,hi,100,2,,2,,0,1.333333333,55,3,3,,3,3,5,2.5,3,3,3,2.875,10,3,2,2.5,3,,2.625,,,,,,,,no euctod in 20m.,3,,2,2,2.333333333,,3,3,,3,,,2.5,1,1.75,3,,,,,3,3,can hgt 2.5-4.,,,,,,,
-31.1848215,115.5157472,28-Nov-20,18-Oct-20,SWC_051,KooianaRd2008cbi3,PB,Hi,CS,2.625,2.666666667,2.5,2.541666667,2.833333333,2.25,441.26907,516.73828,0.17003,-0.34671,KooianaRd,2008,cbi,cbi3,,jbf,hi,100,2.5,,2.5,,1,2,55,3,3,,3,3,5,3,3,3,3,3,10,3,1.5,2.5,3,,2.5,,,,,,,,,3,,2.5,2.5,2.666666667,,3,3,,3,,,2.5,1.5,2,3,,,,,2.5,2.5,"sparse, low banksia over heath.",,,,,,,
-31.549204,115.667016,20-Jan-20,11-Dec-19,SWC_057,Yanch91_plot1,WF,Hi,CS,2.213333333,2.888888889,1.2,,,,440.14328,508.74484,0.15486,-0.35388,YanchepNP,1991,veg,plot1,,JBF,H,100,3,NA,3,NA,2,2.666666667,40,3,3,3,3,3,15,3,3,3,3,3,25,3,1.5,2.5,3,2,2.4,0,0,0,0,0,0,0,"Hi Sev,Some torching, 100% scorch",,,,,,,,,,,,,,,,,,,,,,,,,,353.6505664,362.5403703,0.024269789,-0.338270586,2327.144615
-31.18583966,115.5167498,28-Nov-20,18-Oct-20,SWC_051,KooianaRd2008cbi7,PB,Hi,CS,2.375,2.25,2.625,2.416666667,2.583333333,2.25,439.69589,507.20154,0.15253,-0.35467,KooianaRd,2008,cbi,cbi7,,jbf,hi,100,2.5,,2,,0,1.5,50,3,3,,3,3,0,,,,,,10,3,1,3.5,3,,2.625,,,,,,,,euctod very deep char.,3,,2.25,2,2.416666667,,3,2.5,,2.75,,,3,1,2,3,,,,,2.5,2.5,,,,,,,,
-31.562676,115.681284,16-Jan-20,11-Dec-19,SWC_057,Yanch05_plot7,WF,Hi,CS,2.508333333,2.611111111,2.2,,,,439.33893,528.19696,0.20125,-0.32694,YanchepNP,2005,veg,plot7,,JBF,hi,100,3,NA,2.5,NA,1.5,2.333333333,20,2,3,3,3,2.75,15,2,3,3,3,2.75,25,3,1,2.5,3,1.5,2.2,0,,,,,,,high severity; scorch foliage in all 3 strata.,,,,,,,,,,,,,,,,,,,,,,,,,,369.8296056,381.9816746,0.032142452,-0.34983922,2130.605424
-31.18539989,115.5159179,28-Nov-20,18-Oct-20,SWC_051,KooianaRd2008cbi5,PB,Hi,CS,2.458333333,2.444444444,2.5,2.354166667,2.583333333,2.125,439.10809,509.83655,0.16007,-0.34976,KooianaRd,2008,cbi,cbi5,,jbf,hi,100,2.5,,1.5,,0,1.333333333,50,3,3,,3,3,2,3,3,3,3,3,20,3,1.5,2.5,3,,2.5,,,,,,,,eucatodt clearly causing signal of very high sev.,3,,2.25,2,2.416666667,,3,2.5,,2.75,,,2.5,1,1.75,4,,,,,2.5,2.5,euctod hgt=4.5; banksia hgt 3.5.,,,,,,,
-31.24537554,116.0008839,26-Nov-20,13-Sep-20,SWC_058,Cullalla2001_b2,PB,Hi,CS,2.234375,2.270833333,2.125,2.145833333,2.416666667,1.875,437.86786,505.05569,0.15244,-0.35261,CullallaRd,2001,cbi,cbi2,,JBF,Hi,98,2,,1.5,,0,1.166666667,40,2.5,3,,3,2.833333333,15,2.5,2.75,3,3,2.8125,20,2.5,1,2.5,2.5,,2.125,,,,,,,,,3,,2,2,2.333333333,,2.5,2.5,,2.5,,,NA,1.75,1.75,6.5,,,,,2,2,most of crown gone,,,,,,,
-31.124577,115.91562,19-Jan-20,17-Sep-19,SWC_046,RedGully1978_plot5,PB,Hi,CS,2.254166667,2.305555556,2.1,,,,434.47733,509.08118,0.17071,-0.33837,RedGullyNR,1978,veg,plot5,,JBF,H,100,2,NA,0.5,NA,1,1.166666667,55,2.5,3,3,3,2.875,15,2.5,3,3,3,2.875,15,3,1,2.5,3,1,2.1,,,,,,,,"Hi sev, Total canopy loss, torching present, mostly scorch",,,,,,,,,,,,,,,,,,,,,,,,,,299.6083718,310.4147194,0.034740834,-0.275673881,1665.413911
-31.54362,115.67099,20-Jan-20,11-Dec-19,SWC_057,Yanch01_CBI4,PBWF,Hi,CS,2.253333333,2.888888889,1.3,,,,420.61118,537.32983,0.2765,-0.26083,YanchepNP,2001,CBI,CBI4,,"JBF, Emma Clingan",Very High,100,3,NA,3,NA,2,2.666666667,15,3,3,3,3,3,70,3,3,3,3,3,0,0,0,0,0,0,0,20,3,1.5,2.5,3,3,2.6,"Very High severity; High colour char(?) shrub 50%+ canopy consumption, Tuart 20m tall 100% scorch, some torching lower down",,,,,,,,,,,,,,,,,,,,,,,,,,337.6093744,383.3634107,0.134320987,-0.249042422,1046.016953
-31.128821,115.902293,19-Jan-20,17-Sep-19,SWC_046,RedGully2004_plot7,PB,Hi,CS,2.155208333,2.256944444,1.85,,,,419.27176,512.94891,0.22243,-0.29052,RedGullyNR,2004,veg,plot7,,JBF,M-H,100,2,NA,1,NA,1,1.333333333,50,2.5,3,3,3,2.875,20,2,2.5,2.75,3,2.5625,10,2.25,1,2,2.5,1.5,1.85,,,,,,,,Mod-Hi Sev,,,,,,,,,,,,,,,,,,,,,,,,,,256.6010375,273.3042476,0.063328155,-0.209976094,1086.045359
-31.36566825,115.7544986,,18-Oct-20,SWC_052,YealNR2006cbi3,PB,Hi,CS,2.230208333,2.423611111,1.65,2.442708333,2.71875,2.166666667,417.49252,581.43512,0.39168,-0.18975,YealNR,2006,cbi,cbi3,,,hi,100,2.5,,1,,0.5,1.333333333,35,3,3,,3,3,10,2.75,3,3,3,2.9375,35,2.5,1,2.5,1.25,1,1.65,,,,,,,,,2.75,3,2.5,2.5,2.6875,50,3,2.75,2.5,2.75,25,3,2.5,1,2.166666667,5.5,50,3,2,,1.5,2.166666667,,,,,,,,
-31.127473,115.904189,19-Jan-20,17-Sep-19,SWC_046,RedGully2004_plot4,PB,Hi,CS,2.320833333,2.427777778,2,,,,417.08044,543.84204,0.30293,-0.24092,RedGullyNR,2004,veg,plot4,,JBF,H,100,2.6,NA,1,NA,1,1.533333333,60,2.5,3,3,3,2.875,30,2.5,3,3,3,2.875,20,3,0,2.5,3,1.5,2,,,,,,,,"Hi Sev, 100% canopy loss, Euc tod. Dominated",,,,,,,,,,,,,,,,,,,,,,,,,,288.4316045,320.7084504,0.110801866,-0.209906584,963.4670473
-31.124988,115.915011,19-Jan-20,17-Sep-19,SWC_046,RedGully1978_plot4,PB,Hi,CS,2.385416667,2.513888889,2,,,,417.00381,466.22134,0.11703,-0.34919,RedGullyNR,1978,veg,plot4,,JBF,H,100,3,NA,1,NA,1,1.666666667,55,3,3,3,3,3,10,2.5,3,3,3,2.875,15,3,0,2.5,3,1.5,2,,,,,,,,"Hi sev, 100% scorch tree canopy,subshrub consumed foliage, tall shrub partially consumed",,,,,,,,,,,,,,,,,,,,,,,,,,286.6961426,296.4065017,0.033206283,-0.263200222,1626.588106
-31.124081,115.917179,19-Jan-20,17-Sep-19,SWC_046,RedGully1978_plot7,PB,Hi,CS,2.551041667,2.534722222,2.6,,,,415.98749,485.47888,0.16605,-0.31943,RedGullyNR,1978,veg,plot7,,JBF,H,100,3,NA,1,NA,1,1.666666667,50,3,3,3,3,3,20,2.75,3,3,3,2.9375,25,3,2,2.5,3,2.5,2.6,,,,,,,,"(?), Hi sev, Most Banksia torched,Euc tod partial scorch/torch",,,,,,,,,,,,,,,,,,,,,,,,,,276.9255848,293.2979722,0.056908103,-0.236389867,1229.481526
-31.35589854,115.5821612,17-Jan-20,11-Dec-19,SWC_057,CaraWestContol_plot4,WF,Hi,CS,2.754166667,2.805555556,2.6,,,,415.85977,499.70078,0.20061,-0.29909,CarabanWest,2005.02,veg,plot4,,"JBF, LLW",high sev,100,3,NA,3,NA,2,2.666666667,55,2.5,3,3,3,2.875,5,2.5,3,3,3,2.875,25,3,2,2.5,3,2.5,2.6,,,,,,,,"high severity, substantial canopy consumption",,,,,,,,,,,,,,,,,,,,,,,,,,406.108173,477.5906146,0.175095489,-0.302495123,1141.348586
-31.383821,115.799526,18-Jan-20,19-Sep-19,SWC_052,Yeal2001_CBI2,PB,Hi,CS,2.260416667,2.680555556,1,,,,411.67206,535.49286,0.29978,-0.23572,YealNR,2001,CBI,CBI2,,"JBF, AJB",H,100,3,NA,2,NA,1.5,2.166666667,50,3,3,3,3,3,5,2.5,3,3,3,2.875,35,1.5,0,1,1,1.5,1,,,,,,,,"Severe surface burned, loss in subshrub, some canopy intact, lots of Banksia",,,,,,,,,,,,,,,,,,,,,,,,,,271.8498469,323.6191425,0.188939436,-0.134679706,744.5140457
-31.37532,115.771955,18-Jan-20,19-Sep-19,SWC_052,Yeal80_CBI1,PB,Hi,CS,2.566666667,2.75,2.2,,,,403.23532,447.34299,0.10838,-0.33896,YealNR,1980,CBI,CBI1,,"JBF, AJB",very hi,100,3,2,3,NA,2,2.5,,,,,,,50,3,3,3,3,3,10,2.5,1.5,2.5,2.5,2,2.2,,,,,,,,very high severity; beaueleg branch loss; torching in some trees to SW.,,,,,,,,,,,,,,,,,,,,,,,,,,296.7823602,317.8739036,0.07004344,-0.247830454,1201.077805
-31.54383,115.67237,20-Jan-20,11-Dec-19,SWC_057,Yanch01_CBI5,PBWF,Hi,CS,2.453333333,2.388888889,2.55,,,,400.35883,517.93451,0.29268,-0.22526,YanchepNP,2001,CBI,CBI5,,"JBF, Emma Clingan",H,100,2,NA,0.5,NA,1,1.166666667,30,3,3,NA,3,3,10,3,3,3,3,3,5,3,1.5,2.5,3,3,2.6,25,3,1,2.5,3,3,2.5,"high sever, full canopy scorch, tuart",,,,,,,,,,,,,,,,,,,,,,,,,,289.9250234,331.6341975,0.140726462,-0.190907733,884.0389971
-31.37509637,115.7715028,18-Jan-20,19-Sep-19,SWC_052,Yeal80_plot3,PB,Mod,CS,2.31875,2.625,1.4,,,,397.07733,496.11145,0.24841,-0.2477,YealNR,1980,veg,plot3,,"JBF, AJB",mod sev,100,3,1,2.5,NA,2,2.125,25,2.5,3,3,3,2.875,5,2.5,3,3,3,2.875,30,1.5,0.5,2,1.5,1.5,1.4,,,,,,,,hi surface consumption; lots dead Banksia gone; midstory high scorch; canopy some damage; mod sev.,,,,,,,,,,,,,,,,,,,,,,,,,,281.5703221,326.7929085,0.159657111,-0.167135807,817.8590995
-31.59191414,115.9480476,27-Nov-20,16-Sep-20,SWC_038,BanksiaTrk1965veg7,PB,Hi,CS,2.189583333,2.236111111,2.05,2.270833333,2.375,2.166666667,394.66339,403.11243,0.02041,-0.3827,BanksiaTrk,1965,veg,veg7,,bgh,hi,100,2.25,,1,,0,1.083333333,15,3,3,,3,3,60,2,3,2.5,3,2.625,5,2.5,1,2.5,2.25,2,2.05,,,,,,,,,1.5,3,1,1.5,1.75,25,3,3,,3,75,3,,2,2.5,4,25,3,0.5,,2,1.833333333,mostly elevated fuels w adencygn retaining >50% dead foliage.,,,,,,,
-31.18456567,115.5175334,28-Nov-20,18-Oct-20,SWC_051,KooianaRd2008cbi1,PB,Hi,CS,2.125,2.145833333,2.0625,2.125,2.375,1.875,391.11169,456.27542,0.16561,-0.29066,KooianaRd,2008,cbi,cbi1,,jbf,hi,90,2,,,,0.5,1.25,50,2.5,2.5,,2.5,2.5,5,2.25,2.5,2.5,3.5,2.6875,5,2.25,1,2.5,2.5,,2.0625,,,,,,,,,3,,2.5,,2.75,,2.5,1.5,,2,,,2.5,1,1.75,3.5,,,,,2,2,,,,,,,,
-31.35657194,115.5841031,17-Jan-20,11-Dec-19,SWC_057,CaraWestContol_plot2,WF,Mod,CS,2.525,2.75,1.85,,,,374.59122,427.32318,0.13977,-0.28755,CarabanWest,2005.02,veg,plot2,,"JBF, LLW",moderate,100,3,NA,3,NA,1.5,2.5,60,2.5,3,3,3,2.875,10,2.5,3,3,3,2.875,15,2.25,0,2.5,2.5,2,1.85,,,,,,,,"severe surface, canopy scorch, ~5% canopy green, no consumption",,,,,,,,,,,,,,,,,,,,,,,,,,366.2518414,413.8677275,0.128945144,-0.284922589,1152.54812
-31.53459,115.6656,20-Jan-20,11-Dec-19,SWC_057,Yanch09_CBI4,PBWF,Hi,CS,1.975,2.583333333,1.0625,,,,373.42221,403.87567,0.08055,-0.32332,YanchepNP,2009,CBI,CBI4,,JBF,H,100,2.5,NA,NA,NA,1.5,2,45,3,3,3,2,2.75,15,3,3,3,3,3,5,3,0,2.5,3,,2.125,0,0,0,0,0,0,0,"High Severity, Full scorch on Banksia,Sig. consumption branches and sub(?) shrubs",,,,,,,,,,,,,,,,,,,,,,,,,,303.4960362,292.4135243,-0.037522367,-0.329935897,1509.566813
-31.383935,115.798676,18-Jan-20,19-Sep-19,SWC_052,Yeal2001_CBI1,PB,Hi,CS,2.522916667,2.597222222,2.3,,,,368.92468,403.19678,0.0919,-0.3113,YealNR,2001,CBI,CBI1,,"JBF, AJB",hi,100,2,NA,2.5,NA,2,2.166666667,5,2.5,3,3,3,2.875,50,2.5,2.5,3,3,2.75,5,3,1.5,2.5,2.5,2,2.3,,,,,,,,"Swamp, Adeneyns(?) Hypoxant, (?)Severe surface crowned?, some torching in scattered trees",,,,,,,,,,,,,,,,,,,,,,,,,,304.0634766,313.7346649,0.030994733,-0.282739922,1782.044555
-31.3769253,115.6487487,17-Jan-20,10-Oct-19,SWC_048,CoppinoRd_plot6,PB,Hi,CS,2.5375,2.583333333,2.4,,,,367.35196,451.76266,0.22878,-0.22298,CarabanEast,2008,veg,plot6,,"JBF, LLW",high sev,100,2.5,NA,3,NA,0.5,2,60,2.5,3,3,3,2.875,15,2.5,3,3,3,2.875,25,3,1,2.5,3,2.5,2.4,,,,,,,,"High sev, canopy lower height, some torching, 100% canopy mort",,,,,,,,,,,,,,,,,,,,,,,,,,300.2814789,344.6036682,0.146675915,-0.197927743,899.7886149
-31.37405072,115.7774077,18-Jan-20,19-Sep-19,SWC_052,Yeal79_plot1,PB,Hi,CS,2.46875,2.708333333,1.75,,,,362.77026,495.13339,0.36387,-0.13127,YealNR,1979,veg,plot1,,"JBF, AJB",hi,100,3,2,2,NA,2,2.25,25,3,3,3,3,3,20,2.5,3,3,3,2.875,40,2.25,1,2,2.5,1,1.75,,,,,,,,severe surface; Kunzea foliage partial; overystory good scorch; a little torching.,,,,,,,,,,,,,,,,,,,,,,,,,,257.6093832,313.9977474,0.217614762,-0.096382996,673.1042868
-31.127957,115.902251,19-Jan-20,17-Sep-19,SWC_046,RedGully2004_plot1,PB,Hi,CS,2.1875,2.416666667,1.5,,,,361.86734,447.76688,0.23638,-0.21139,RedGullyNR,2004,veg,plot1,,JBF,mod hi,100,2,NA,2,NA,0.5,1.5,50,2.5,3,3,3,2.875,15,2.5,3,3,3,2.875,20,2.25,0,2.25,2,1,1.5,,,,,,,,"Subshrub mostly leaves consumed, Tall shrub scorch only, trees scorched, some canopy remains, Mod- Sev High end-Euc tod,Nuyt., Banksia",,,,,,,,,,,,,,,,,,,,,,,,,,240.0339613,260.1047691,0.08255608,-0.17754869,905.2609438
-31.384155,115.797351,18-Jan-20,19-Sep-19,SWC_052,Yeal2001_plot2,PB,Hi,CS,2.278125,2.4375,1.8,,,,361.7684,467.58493,0.2915,-0.17609,YealNR,2001,veg,plot2,,"JBF, AJB",hi?,100,2.5,NA,2,NA,1.5,2,25,2.5,3,3,3,2.875,20,2.25,2.5,2.5,2.5,2.4375,15,2.25,0.5,2,2.25,2,1.8,0,,,,,,,severe surface; small trees hit hard; minor torching; pretty extensive scorch.,,,,,,,,,,,,,,,,,,,,,,,,,,209.5437751,243.2590535,0.159898994,-0.083360054,608.3396823
-31.397449,115.742434,24-Nov-20,18-Oct-20,SWC_052,YealNR1986veg4,PB,Hi,CS,2.491666667,2.555555556,2.3,2.4375,2.875,2,360.70804,429.80597,0.19056,-0.23924,YealNR,1986,veg,veg4,854,"bh, jbf",hi,100,2.5,,2.5,,0,1.666666667,50,3,3,,3,3,15,3,3,3,3,3,20,3,0.5,2.5,3,2.5,2.3,,,,,,,,,3,,2.5,,2.75,50,3,3,,3,25,3,2.5,1,2.166666667,6,50,3,0,,2.5,1.833333333,,,,,,,,
-31.59080863,115.9489483,27-Nov-20,16-Sep-20,SWC_038,BanksiaTrk1965cbi1,PB,Hi,CS,2.655208333,2.673611111,2.6,2.65625,2.8125,2.5,358.19473,367.38766,0.02466,-0.34272,BanksiaTrk,1965,cbi,cbi1,,bgh,hi,100,2.25,,2.5,,1.5,2.083333333,40,3,3,,3,3,70,3,3,2.75,3,2.9375,10,3,2,2.5,3,2.5,2.6,,,,,,,,2x2m dump of glass bottles present,2.5,3,2.5,2.5,2.625,50,3,3,,3,75,3,,3,3,6,25,3,0,,3,2,,,,,,,,
-31.37761119,115.6489121,17-Jan-20,10-Oct-19,SWC_048,CoppinoRd_plot7,PB,Hi,CS,2.539583333,2.652777778,2.2,,,,354.80042,439.04297,0.23644,-0.20261,CarabanEast,2008,veg,plot7,,"JBF, LLW",high sev,100,2.5,NA,3,NA,1.5,2.333333333,50,2.5,3,2.5,3,2.75,15,2.5,3,3,3,2.875,35,2.5,0.5,2.5,3,2.5,2.2,,,,,,,,"Pretty severe, a little torching, 100% canopy scorch",,,,,,,,,,,,,,,,,,,,,,,,,,245.612369,281.1130105,0.142012422,-0.139100592,745.9638453
-31.443096,115.609815,17-Jan-20,11-Dec-19,SWC_057,WilbingaRd_CaraWF1,WF,Hi,CS,2.555,2.625,2.45,,,,346.77713,440.65125,0.2697,-0.17095,CarabanWest,,CBI,CaraWF1,,"JBF, LLW",high sev,100,3,NA,2,1.5,2.5,2.25,25,2.5,3,3,3,2.875,10,2,3,3,3,2.75,5,3,2.5,2.5,3,2.5,2.7,50,2.5,1,2.5,2.5,2.5,2.2,"Big tuart grove; super high soil severity; 100% scorch canopy; a litte torching, open understory; between 2016 and 2017 PB",,,,,,,,,,,,,,,,,,,,,,,,,,344.4814342,435.9547841,0.263276702,-0.172678081,849.6405545
-31.398835,115.742231,24-Nov-20,18-Oct-20,SWC_052,YealNR1986veg1,PB,Hi,CS,2.354166667,2.472222222,2,2.333333333,2.833333333,1.833333333,343.76651,418.98093,0.21779,-0.20119,YealNR,1986,veg,veg1,850,"bh, jbf",hi,100,3,,2,,0,1.666666667,35,3,3,,3,3,10,2.5,3,2.5,3,2.75,30,3,0,2.5,3,1.5,2,,,,,,,,,2.5,3,,2.5,2.666666667,50,3,3,,3,25,3,2.5,1,2.166666667,6.5,50,3,0,,1.5,1.5,high severity all strata,,,,,,,
-31.16569741,115.6756107,25-Nov-20,24-Sep-20,SWC_010,MooreRiverNR2008veg2,PB,Mod,CS,2.03125,2.020833333,2.0625,1.6875,2.125,1.25,334.42596,389.22372,0.16286,-0.22637,MooreRiverNR,2008,veg,veg2,,"jbf, bgh",mod,99,2,,1,,0,1,40,2.5,2.75,,,2.625,3,2.25,2.5,2.5,2.5,2.4375,20,2.5,0.5,2.5,2.75,,2.0625,,,,,,,,high end of mod sev.,2,,1.5,,1.75,,2.5,,,2.5,,,2.5,0.5,1.5,5.5,,,,,1,1,,,,,,,,
-31.127816,115.902978,19-Jan-20,17-Sep-19,SWC_046,RedGully2004_plot2,PB,Hi,CS,2.079166667,2.305555556,1.4,,,,333.02859,383.31592,0.15,-0.23332,RedGullyNR,2004,veg,plot2,,JBF,M-H,95,2,NA,1,NA,0.5,1.166666667,50,2.5,3,3,3,2.875,25,2.5,3,3,3,2.875,15,2.25,0,2,2.25,0.5,1.4,,,,,,,,"Mod-Hi Sev, Canopy scorched 15% survival, (?) Scorch not consumed",,,,,,,,,,,,,,,,,,,,,,,,,,237.0485262,256.6474906,0.081438838,-0.175208656,899.334467
-31.397788,115.741837,24-Nov-20,18-Oct-20,SWC_052,YealNR1986veg3,PB,Hi,CS,2.371875,2.395833333,2.3,2.46875,2.75,2.1875,332.93564,408.77661,0.22679,-0.18198,YealNR,1986,veg,veg3,857,"bh, jbf",hi,100,2.5,,,,0,1.25,30,3,3,,3,3,10,2.75,3,3,3,2.9375,30,3,1,2.5,3,2,2.3,,,,,,,,,2.5,3,2.5,2,2.5,50,3,,,3,25,,2.75,1,1.875,6,50,,,,2.5,2.5,,,,,,,,
-31.24561474,116.0025466,26-Nov-20,13-Sep-20,SWC_058,CullallaRd2001veg2,PB,Hi,CS,2.109375,2.291666667,1.5625,2.041666667,2.458333333,1.625,331.97165,356.02579,0.07146,-0.28457,CullallaRd,2001,veg,veg2,,jbf,hi,99,2,,1.5,,0,1.166666667,40,2.5,3,,3,2.833333333,15,2.5,3,3,3,2.875,20,2,0.25,2,2,,1.5625,,,,,,,,40% canopy remains but mostly hi sev.,3,,2.25,2,2.416666667,,2.5,2.5,,2.5,,,2.5,1.5,2,5.5,,,,,1.25,1.25,,,,,,,,
-31.38254134,115.7730043,24-Nov-20,18-Oct-20,SWC_052,YealNR1993cbi1,PB,Mod,CS,1.385416667,1.347222222,1.5,1.427083333,2.1875,0.666666667,327.26144,424.30179,0.29552,-0.12878,YealNR,1993,cbi,cbi1,,"bgh, nje",mod,70,1.5,,1,,0.5,1,30,0.5,3,,3,2.166666667,15,0,1.5,1,1,0.875,30,2.5,2.5,1.5,0,1,1.5,,,,,,,,"euctod char 75%, 5m char hgt.",2.5,2.5,1,1.5,1.875,50,2.5,2.5,2.5,2.5,25,0,2.5,0.5,1,8,50,0,0,,1,0.333333333,,,,,,,,
-31.398199,115.742433,24-Nov-20,18-Oct-20,SWC_052,YealNR1986veg2,PB,Hi,CS,2.34375,2.458333333,2,2.375,2.916666667,1.833333333,326.29031,391.29706,0.19823,-0.19307,YealNR,1986,veg,veg2,869,"bh, jbf",hi,100,2.5,,2,,0,1.5,45,3,3,,3,3,5,2.5,3,3,3,2.875,25,2.25,1,2.5,2.75,1.5,2,,,,,,,,,3,3,2.5,,2.833333333,50,3,3,,3,25,3,2.5,1,2.166666667,,25,3,0,,1.5,1.5,,,,,,,,
-31.01945335,115.877316,26-Nov-20,30-Aug-20,SWC_046,MogumberRd1990cbi1,PB,Mod,CS,2.09375,2.041666667,2.25,2.09375,2.395833333,1.791666667,322.48135,362.92612,0.12442,-0.23851,MogumberRd,1990,cbi,cbi1,,bgh,mod-hi,100,0.5,,1,,0,0.5,60,3,3,,3,3,40,3,3,2.5,2,2.625,15,2.25,1.5,2.5,2.5,2.5,2.25,,,,,,,,,3,3,0.5,2,2.125,75,3,3,2,2.666666667,50,3,2.5,1.5,2.333333333,5,25,1.5,0,1,2.5,1.25,eucatodt grove in red on map. corycalo in dark orange along w dense grass trees. Light orange represents lower fuels.,,,,,,,
-31.59146053,115.9481724,27-Nov-20,16-Sep-20,SWC_038,BanksiaTrk1965veg1,PB,Mod,CS,1.9,1.916666667,1.85,1.96875,2.6875,1.25,322.21353,316.35809,-0.01917,-0.33553,BanksiaTrk,1965,cbi,veg1,,bgh,mod,100,0.5,,1,,0,0.5,40,3,3,,3,3,25,2.5,3,1.5,2,2.25,25,2.25,1,2.5,2.5,1,1.85,,,,,,,,,3,3,1.5,2,2.375,25,3,3,,3,25,2,,1,1.5,5,50,2,0,,1,1,,,,,,,,
-31.37007762,115.7556007,24-Nov-20,18-Oct-20,SWC_052,YealNR2006veg4,PB,Mod,CS,1.783333333,1.861111111,1.55,1.71875,2.5,0.9375,321.29517,379.28842,0.1795,-0.19979,YealNR,2006,veg,veg4,5585,"jbf, nje",mod,99,2.25,,1,,0,1.083333333,25,2.5,2.75,,,2.625,10,1.5,2,2,2,1.875,25,2.25,1,2,2,0.5,1.55,,,,,,,,,3,2.5,3,1.5,2.5,25,2.5,2.5,2.5,2.5,25,2.5,,0,1.25,6,25,1.5,0,0.5,0.5,0.625,"total loss substrate, mosts total shrubs gone. Lots of scorch in tre layer, little consumption.",,,,,,,
-31.0185149,115.8775059,26-Nov-20,30-Aug-20,SWC_046,MogumberRd1990veg6,PB,Mod,CS,1.672916667,1.513888889,2.15,1.708333333,1.583333333,1.833333333,308.56134,336.75809,0.09038,-0.24638,MogumberRd,1990,veg,veg6,,bgh,mod-hi,85,0.5,,,,0,0.25,60,2,2.5,,2,2.166666667,60,2,2,2.5,2,2.125,10,2.5,0,2.5,2.75,3,2.15,,,,,,,,,3,1.5,0.5,,1.666666667,75,1.5,1.5,,1.5,75,2.5,2.5,1.5,2.166666667,3.5,25,2.5,0,0.5,3,1.5,mod-hi. Eucatodt grove aligns w darker orange on sev map.,lat-longs entered for veg plots bc firemon&ozcbi centre done a few meteres w of each veg plot to stay away from firebreak sand track.,,,,,,
-31.5924737,115.9488375,27-Nov-20,16-Sep-20,SWC_038,BanksiaTrk1965veg5,PB,Mod,CS,1.784375,1.8125,1.7,1.677083333,1.8125,1.541666667,304.88342,310.37045,0.017,-0.29337,BanksiaTrk,1965,veg,veg5,,bgh,mod,95,0.5,,1,,0,0.5,15,2.5,2.75,,3,2.75,60,2.5,2.75,1.5,2,2.1875,10,2.25,0,2.5,2.75,1,1.7,,,,,,,,,2,2.5,0.5,1.5,1.625,25,2.5,1.5,,2,75,3,,1.5,2.25,5,25,1.5,0,,1,0.833333333,,,,,,,,
-31.443175,115.60027,17-Jan-20,11-Dec-19,SWC_057,WilbingaRd_CaraPB17.3,WF,Mod,CS,2.045625,2.144166667,1.75,,,,298.51508,335.17432,0.12181,-0.21337,CarabanWest,,CBI,CaraPB17.3,,"JBF, LLW",mod sev,80,1.5,NA,NA,NA,1,1.25,15,2.23,2.5,2.5,2,2.3075,15,2.5,3,3,3,2.875,20,2.25,1,2,2,1.5,1.75,0,,,,,,,"banksia woodland, some unburned, most canopy scorch",,,,,,,,,,,,,,,,,,,,,,,,,,280.8614676,309.0272036,0.099125933,-0.20990127,981.5288475
-31.16710266,115.5171592,28-Nov-20,18-Oct-20,SWC_051,KooianaRd2008cbi8,PB,Hi,CS,1.8,1.75,1.8125,1.9375,2.5,1.375,298.32913,338.83969,0.13479,-0.20405,KooianaRd,2008,cbi,cbi8,,jbf,hi,99,2,,1,,0,1,45,2.5,2.5,,2.5,2.5,0,,,,,,20,2.25,0,2.25,2.75,,1.8125,,,,,,,,mod end of hi sev.,3,,2,,2.5,,2.5,2.5,,2.5,,,2.5,1,1.75,4,,,,,1,1,,,,,,,,
-31.59182175,115.9490819,27-Nov-20,16-Sep-20,SWC_038,BanksiaTrk1965veg3,PB,Mod,CS,2.004166667,2.055555556,1.85,2.052083333,2.5625,1.541666667,295.87625,294.41156,-0.00595,-0.30036,BanksiaTrk,1965,veg,veg3,,bgh,mod,100,1,,1,,0,0.666666667,25,3,3,,3,3,30,3,3,2,2,2.5,30,2.25,0,2.5,2.5,2,1.85,,,,,,,,,2.5,3,1,2,2.125,50,3,3,,3,50,3,,1.5,2.25,6,25,1.5,0,,1,0.833333333,larger bankatte canopy present.,,,,,,,
-31.59230006,115.9494501,27-Nov-20,16-Sep-20,SWC_038,BanksiaTrk1965veg4,PB,Mod,CS,1.751041667,1.784722222,1.65,1.7,1.75,1.625,295.27396,303.75232,0.02771,-0.27604,BanksiaTrk,1965,veg,veg4,,bgh,mod,95,0.5,,0.5,,0,0.333333333,20,2.75,2.75,,3,2.833333333,50,2.5,2.75,1.5,2,2.1875,20,2.25,0,2.5,2.5,1,1.65,,,,,,,,,2.5,2.5,0.5,1.5,1.75,25,,,,,75,3,,1.5,2.25,4.5,25,2,0,,1,1,,,cbi b1-b3 blank,,,,,
-31.16680134,115.6654876,25-Nov-20,24-Sep-20,SWC_010,MooreRiverNR1996veg3,PB,Hi,CS,2.541666667,2.555555556,2.5,2.34375,2.8125,1.875,289.7009,322.94434,0.11375,-0.20919,MooreRiverNR,1996,veg,veg3,,"jbf, bgh",hi,100,2.5,,2,,1,1.833333333,30,3,3,,,3,10,2.5,3,3,,2.833333333,15,3,1.5,2.5,3,,2.5,,,,,,,,,2.75,,2.5,,2.625,,3,,,3,,,2.5,0.5,1.5,4,,,,,2.25,2.25,,,,,,,,
-31.16691529,115.666512,25-Nov-20,24-Sep-20,SWC_010,MooreRiverNR1996veg1,PB,Mod,CS,2.291666667,2.513888889,1.625,1.9375,2.625,1.25,280.41089,310.10376,0.10489,-0.20521,MooreRiverNR,1996,veg,veg1,,"jbf, bgh",mod,95,2.5,,2,,1,1.833333333,35,3,2.5,,3,2.833333333,10,2.5,3,3,3,2.875,20,2,0,2,2.5,,1.625,,,,,,,,,3,,2.5,,2.75,,2.5,,,2.5,,,2.5,0.5,1.5,6,,,,,1,1,,,,,,,,
-31.53409,115.66869,20-Jan-20,11-Dec-19,SWC_057,Yanch09_CBI1,PBWF,Hi,CS,1.875,2.458333333,1,,,,264.0127,294.13657,0.1131,-0.18104,YanchepNP,2009,CBI,CBI1,,JBF,H,100,2,NA,NA,NA,1,1.5,40,3,3,3,3,3,5,2.5,3,3,3,2.875,25,3,0.5,2.5,3,1,2,0,0,0,0,0,0,0,"Hi Sev, 100% canopy scorch, branch loss in subshrub",,,,,,,,,,,,,,,,,,,,,,,,,,213.5417333,216.845505,0.014577231,-0.202268275,1796.027181
-31.383078,115.771636,24-Nov-20,18-Oct-20,SWC_052,YealNR1993veg7,PB,Mod,CS,2.310416667,2.597222222,1.45,2.114583333,2.8125,1.416666667,236.06468,270.00113,0.14276,-0.12724,YealNR,1993,veg,veg7,,"jbf, rm",mod,20,2.5,,5,,0.5,2.666666667,30,3,3,,3,3,10,2,2.5,2,2,2.125,20,2.25,0,2,2.5,0.5,1.45,,,,,,,,high end of mod sev.,2.5,3,2.5,2.5,2.625,50,3,3,,3,25,2.5,2.5,0,1.666666667,5,50,2,0.5,,1,1.166666667,,,,,,,,
-31.40763,115.747572,2-May-21,11-Jan-21,SWC_XXX,RedwoodRd2005_CBI6,WF,Mod,CS,2.38125,2.625,1.65,1.9375,2.25,1,214.69699,208.42462,-0.03021,-0.23864,YealNR,2005,CBI,CBI6,na,JBF,mod sev,95,2.75,,,,,2.75,20,2.25,2.75,2.5,2.75,2.5625,30,2,2.5,2.75,3,2.5625,12,2.25,0,2,2.25,1.75,1.65,,,,,,,,"sparse trees, banksia abundant, tall shrubs. mod sev",2.5,,2,,2.25,,2.25,,,2.25,,,,2.25,2.25,,,,,,1,1,,,,,,,,
-31.01796514,115.8776926,26-Nov-20,30-Aug-20,SWC_046,MogumberRd1990veg5,PB,Mod,CS,1.867708333,1.673611111,2.45,1.645833333,1.375,1.916666667,176.77217,191.59889,0.08287,-0.10872,MogumberRd,1990,veg,veg5,,bgh,mod-hi,70,0.5,,1,,0,0.5,60,2,2.5,,2.5,2.333333333,15,2,2,2.25,2.5,2.1875,10,2.5,1.5,2.5,2.75,3,2.45,,,,,,,,eucatodt is causing hi jump in hi severity (aligns with red on sev map). Transition to orange is also dominated by sand tracts and min canopy.,3,0.5,0.5,1,1.25,75,0.5,2.5,,1.5,50,2,2.5,1,1.833333333,4.5,25,3,1,1,3,2,"mod-hi. Eucatodt causing higher scores, 100% charred and crown loss.",lat-longs entered for veg plots bc firemon&ozcbi centre done a few meteres w of each veg plot to stay away from firebreak sand track.,,,,,,
-31.128706,115.903227,19-Jan-20,17-Sep-19,SWC_046,RedGully2004_plot6,PB,Low,NS,1.520833333,1.861111111,0.5,,,,429.42035,556.12628,0.29406,-0.26206,RedGullyNR,2004,veg,plot6,,JBF,L,95,1.5,NA,0.5,NA,0.5,0.833333333,50,2.5,2.5,2.5,2.5,2.5,25,2,2.5,2,2.5,2.25,20,0.5,0,1,0.5,0.5,0.5,,,,,,,,"Subshrubs burned, partial sev tall shrubs, trees not impacted, Low Sev",,,,,,,,,,,,,,,,,,,,,,,,,,296.7271871,330.2903571,0.112007187,-0.218283172,986.8995458
-31.12707,115.91365,19-Jan-20,17-Sep-19,SWC_046,RedGully1978_CBI2,PB,Mod,NS,1.620833333,1.861111111,0.9,,,,364.78778,426.88052,0.16922,-0.25766,RedGullyNR,1978,CBI,CBI2,,JBF,M,95,1.5,NA,0.5,NA,0.5,0.833333333,45,2,2.5,2,2.5,2.25,30,2.5,2.5,2.5,2.5,2.5,15,1,0,1.5,1.5,0.5,0.9,,,,,,,,"Exposed Laterite, Euc Tod 9m tall, Most of Canopy intact, Most understorey canopy scorch, Mod Sev",,,,,,,,,,,,,,,,,,,,,,,,,,238.9089411,255.0072223,0.066401714,-0.188605512,989.6071736
-31.38404,115.796899,18-Jan-20,19-Sep-19,SWC_052,Yeal2001_plot1,PB,Low,NS,1.457291667,1.659722222,0.85,,,,348.59341,436.68933,0.25172,-0.18497,YealNR,2001,veg,plot1,,"JBF, AJB",low,95,1.5,NA,1,NA,1,1.166666667,35,2.25,2.5,2,2,2.1875,10,2,1.5,1.5,1.5,1.625,33,0.5,0.25,1,1,1.5,0.85,,,,,,,,good BW; low severity; small patchs unburned; most canopy intact.,,,,,,,,,,,,,,,,,,,,,,,,,,202.4895791,226.4794535,0.115118936,-0.111360515,667.506386
-31.12818,115.91313,19-Jan-20,17-Sep-19,SWC_046,RedGully1978_CBI3,PB,Low,NS,1.367708333,1.590277778,0.7,,,,336.41434,395.67551,0.17516,-0.22052,RedGullyNR,1978,CBI,CBI3,,JBF,L,80,1.5,NA,0.5,NA,0.5,0.833333333,50,1.5,2.25,2,2,1.9375,20,2,2,2,2,2,10,1,0,1,1,0.5,0.7,,,,,,,,"Light surface fire, Unburnt patches, some subshrubs survived, Low Sev",,,,,,,,,,,,,,,,,,,,,,,,,,191.934546,207.8404679,0.083099416,-0.124741054,720.9931301
-31.38318611,115.772715,24-Nov-20,18-Oct-20,SWC_052,YealNR1993cbi2,PB,Mod,NS,1.483333333,1.777777778,0.6,2.03125,2.604166667,1.458333333,322.755,390.3869,0.20855,-0.18184,YealNR,1993,cbi,cbi2,,"bgh, nje",mod,90,1.5,,0.5,0.5,0,0.625,30,2.5,3,,3,2.833333333,15,1.5,2,2,2,1.875,30,1.5,0,0,1,0.5,0.6,,,,,,,,,3,3,1,2.5,2.375,50,3,3,2.5,2.833333333,25,2,2,1.25,1.75,5,50,2,0.5,,1,1.166666667,,,,,,,,
-31.3756282,115.6486156,17-Jan-20,10-Oct-19,SWC_048,CoppinoRd_plot4,PB,Mod,NS,1.61875,1.791666667,1.1,,,,320.19266,382.60614,0.19392,-0.18868,CarabanEast,2008,veg,plot4,,"JBF, LLW",mod sev,85,1.5,NA,0.5,0,0.5,0.625,55,2.5,2.5,2,2.5,2.375,15,2,2.5,2.5,2.5,2.375,15,1.5,0,1.5,1.5,1,1.1,,,,,,,,"mod severity, many trees retained canopy",,,,,,,,,,,,,,,,,,,,,,,,,,242.5276022,272.3621796,0.122344094,-0.150018079,778.6733223
-31.384125,115.797774,18-Jan-20,19-Sep-19,SWC_052,Yeal2001_plot3,PB,Low,NS,1.239583333,1.486111111,0.5,,,,309.58914,400.6087,0.293,-0.10761,YealNR,2001,veg,plot3,,"JBF, AJB",low?,90,2,NA,1,NA,1,1.333333333,30,2,1.5,1.5,1.5,1.625,20,1.5,1,1.5,2,1.5,15,0.5,0,1,0.5,0.5,0.5,,,,,,,,light surface fire; unburned patches; subshrub leavesnot consumed.,,,,,,,,,,,,,,,,,,,,,,,,,,161.8929214,184.4085922,0.138167217,-0.046241371,496.1107605
-31.384292,115.79817,18-Jan-20,19-Sep-19,SWC_052,Yeal2001_plot4,PB,Low,NS,1.3875,1.583333333,0.8,,,,297.7605,368.05988,0.23509,-0.13297,YealNR,2001,veg,plot4,,"JBF, AJB",mod low,98,2,NA,1.5,NA,1,1.5,25,1.5,2.5,2,2,2,25,1.5,1.5,1,1,1.25,10,1,0,1,1.5,0.5,0.8,,,,,,,,patchy; some light fire; slightly more severe surface; Kunzea dead not consumed; some Kunzea survive; pre-fire dead Banksia not consumed.,,,,,,,,,,,,,,,,,,,,,,,,,,186.1851715,212.5884271,0.140613548,-0.071974878,566.9255564
-31.2455007,116.0000578,26-Nov-20,13-Sep-20,SWC_058,CullallaRd2001cbi3,PB,Low,NS,0.984375,0.979166667,1,0.895833333,1.291666667,0.5,288.92715,321.70862,0.11246,-0.20925,CullallaRd,2001,cbi,cbi3,,jbf,lo,45,0.5,,0.5,,0,0.333333333,25,1.5,1.5,,1.25,1.416666667,50,1.25,1.5,1,1,1.1875,15,1.5,0.25,1,1.25,,1,,,,,,,,"where trees burnt is mod sev, but there are lg unburnt pockets",3,,0.5,0.5,1.333333333,,1,1.5,,1.25,,,,0.5,0.5,6,,,,,0.5,0.5,many shrubs all w foliage on.,,,,,,,
-31.38264,115.77153,24-Nov-20,18-Oct-20,SWC_052,YealNR1993veg6,PB,Mod,NS,1.364583333,1.652777778,0.5,1.534375,1.985416667,1.083333333,268.00577,324.22775,0.20878,-0.11545,YealNR,1993,veg,veg6,,"jbf, rm",mod,90,1.5,,1.5,,0,1,30,2,2.5,,2.5,2.333333333,5,1.5,1,2,2,1.625,35,0.5,0,1,0.5,0.5,0.5,,,,,,,,decent subshrub mort. Little-no tree canopy damage. Only sm patches unburnt.,3,1.5,1,1.05,1.6375,50,1.5,2.5,3,2.333333333,25,1.5,2.5,0,1.333333333,6.5,50,1,1,,0.5,0.833333333,,,,,,,,
-31.16711637,115.6667892,25-Nov-20,24-Sep-20,SWC_010,MooreRiverNR1996veg7,PB,Mod,NS,1.171875,1.166666667,1.1875,1.125,0.875,1.375,266.84656,297.08694,0.11233,-0.18476,MooreRiverNR,1996,veg,veg7,,"jbf, bgh",mod,55,1,,1,,0,0.666666667,35,1.5,2,,2,1.833333333,15,1,1,1,1,1,15,1.75,0,1.5,1.5,,1.1875,,,,,,,,mix of unburnt and mod-hi sev.,2,,1.5,,1.75,,0,,,0,,,2,0.5,1.25,5,,,,,1.5,1.5,,,,,,,,
-31.16727546,115.6753074,25-Nov-20,24-Sep-20,SWC_010,MooreRiverNR2008veg5,PB,Low,NS,0.828125,1,0.3125,1.1875,1.25,1.125,261.31848,304.61938,0.1647,-0.13992,MooreRiverNR,2008,veg,veg5,,"jbf, bgh",lo,45,0.5,,1,,0.5,0.666666667,40,1,1.5,,1.5,1.333333333,10,1,1,1,1,1,30,0.25,0,0.5,0.5,,0.3125,,,,,,,,just subshrubs and patchy.,2.5,1,1.5,1,1.5,50,0.5,1.5,,1,25,,2,0.5,1.25,6,50,,,,1,1,,,,,,,,
-31.1662356,115.6760283,25-Nov-20,24-Sep-20,SWC_010,MooreRiverNR2008veg3,PB,Low,NS,1.260416667,1.472222222,0.625,1.25,1,1.5,256.51944,306.85651,0.19523,-0.11163,MooreRiverNR,2008,veg,veg3,,"jbf, bgh",lo,65,1.5,,1.5,,0,1,30,1.75,2,,2,1.916666667,10,1.5,1.5,1.5,1.5,1.5,30,0.5,0,1,1,,0.625,,,,,,,,no canopy scorch. Big pockets unburnt,2,,1,,1.5,,0.5,,,0.5,,,2.5,1.5,2,5.5,,,,,1,1,,,,,,,,
-31.384967,115.79808,18-Jan-20,19-Sep-19,SWC_052,Yeal2001_plot6,PB,Low,NS,0.91875,1.125,0.3,,,,254.19669,292.70026,0.15047,-0.14223,YealNR,2001,veg,plot6,,"JBF, AJB",low,75,1,0,1,NA,0,0.5,30,1.5,2.5,2,2,2,30,0.5,1,1,1,0.875,10,0,0,0.5,0.5,0.5,0.3,,,,,,,,very light surface fire; subshrubs killed; adencygn survive; very little scorch in trees; tall shrubs = adencygn.,,,,,,,,,,,,,,,,,,,,,,,,,,186.9561022,203.9896824,0.090382052,-0.113607628,678.5269521
-31.37017015,115.7577268,24-Nov-20,18-Oct-20,SWC_052,YealNR2006veg2,PB,Low,NS,0.96875,1.125,0.5,1.208333333,1.833333333,0.583333333,252.22775,299.32227,0.18571,-0.11361,YealNR,2006,veg,veg2,5511,"jbf, nje",lo,60,1.5,,0.5,,0,0.666666667,30,1.5,2,,2,1.833333333,15,0.5,1,1,1,0.875,30,0.5,0,1,0.5,0.5,0.5,,,,,,,,,3,1,2.5,1.5,2,50,1,1.5,2.5,1.666666667,25,0.5,2,0,0.833333333,5,50,0,,0.5,0.5,0.333333333,patchy. Lg and sm unburnt patches,,,,,,,
-31.16578336,115.6748007,25-Nov-20,24-Sep-20,SWC_010,MooreRiverNR2008cbi2,PB,Low,NS,0.854166667,0.972222222,0.5,1.3125,1.375,1.25,249.86949,286.88278,0.14713,-0.13975,MooreRiverNR,2008,cbi,cbi2,,"jbf, bgh",lo,70,1,,1,,0,0.666666667,40,1.5,1.25,,1,1.25,5,1,1,1,1,1,15,0.5,0,1,0.5,,0.5,,,,,,,,,3,1.5,,,2.25,,0.5,,,0.5,,,2,1,1.5,6,,,,,1,1,,,,,,,,
-31.1264,115.90539,19-Jan-20,17-Sep-19,SWC_046,RedGully2004_CBI2,PB,Low,NS,0.447916667,0.597222222,0,,,,247.74567,304.03644,0.22621,-0.07782,RedGullyNR,2004,CBI,CBI2,,JBF,L,15,0.5,NA,0,NA,0,0.166666667,60,0.5,0.5,1,1,0.75,35,0.5,1,1,1,0.875,15,0,0,0,0,0,0,,,,,,,,Largely unburned w/ tongues of mild surface fires.,,,,,,,,,,,,,,,,,,,,,,,,,,147.0891659,156.0679103,0.058178804,-0.097889111,647.0401384
-31.16573147,115.6741848,25-Nov-20,24-Sep-20,SWC_010,MooreRiverNR2008cbi1,PB,Low,NS,1.03125,1.270833333,0.3125,1.25,1.125,1.375,245.05162,275.87173,0.12477,-0.1511,MooreRiverNR,2008,cbi,cbi1,,"jbf, bgh",lo,55,1.25,,1,,0,0.75,35,1.5,1.75,,2,1.75,10,1.5,1.25,1.5,1,1.3125,30,0.25,0,0.5,0.5,,0.3125,,,,,,,,surface fire and patchy.,2.5,,1,,1.75,,0.5,,,0.5,,,2.5,1,1.75,6,,,,,1,1,,,,,,,,
-31.53426,115.66964,20-Jan-20,11-Dec-19,SWC_057,Yanch09_CBI2,PBWF,Low,NS,1.2775,1.8125,0.475,,,,245.01231,271.83258,0.10846,-0.16337,YanchepNP,2009,CBI,CBI2,,JBF,L,97,1.5,NA,NA,NA,1,1.25,40,2.25,2.5,2,2.5,2.3125,5,2,2,1.5,2,1.875,25,1.5,0,1.5,1.5,0.25,0.95,0,0,0,0,0,0,0,", limited canopy scorch low sev",,,,,,,,,,,,,,,,,,,,,,,,,,183.6015129,192.2657531,0.048036996,-0.144228761,877.231083
-31.54148,115.67138,20-Jan-20,11-Dec-19,SWC_057,Yanch01_CBI3,PBWF,Mod,NS,1.311666667,2.152777778,0.05,,,,240.63719,289.88446,0.20365,-0.08623,YanchepNP,2001,CBI,CBI3,,"JBF, Emma Clingan",M,100,1.5,NA,NA,NA,0,0.75,5,2.5,3,,3,2.833333333,90,2.5,3,3,3,2.875,2,0,0,0,0.5,0,0.1,0,0,0,0,0,0,0,"Surface fire cooked tall shrubs, Mod severity, no canopy consumtpion",,,,,,,,,,,,,,,,,,,,,,,,,,131.6069004,144.2114813,0.044533333,-0.099678152,683.3720926
-31.3976451,115.740996,24-Nov-20,18-Oct-20,SWC_052,YealNR1986cbi1,PB,Low,NS,0.725791667,0.951388889,0.049,0.760416667,0.8125,0.708333333,231.98192,280.55713,0.20839,-0.07216,YealNR,1986,cbi,cbi1,openPlot,"bh, jbf",lo,50,1,,0,,0,0.333333333,20,1,2,,1,1.333333333,40,1,1.5,1.25,1,1.1875,20,0,0,0,0,0.245,0.049,,,,,,,,,3,1,0.5,0,1.125,25,1,0,,0.5,50,0.75,2,0,0.916666667,6.5,25,0,0.5,,1,0.5,,,,,,,,
-31.382273,115.771546,24-Nov-20,18-Oct-20,SWC_052,YealNR1993veg5,PB,Mod,NS,1.416666667,1.722222222,0.5,1.375,1.8125,0.9375,228.5703,263.49152,0.15178,-0.11171,YealNR,1993,veg,veg5,,"jbf, rm",mod,90,1.75,,1,,0,0.916666667,30,2.5,2.5,,2.5,2.5,10,1.5,1.5,2,2,1.75,20,0.5,0,1,0.5,0.5,0.5,,,,,,,,solid surface severity. Trees mostly unaffected.,2.5,1.5,1,1.5,1.625,50,1.5,2,2.5,2,25,1.5,2.5,0.5,1.5,5.5,25,0.5,0.5,0,0.5,0.375,perhaps low end of mod sev.,,,,,,,
-31.16504695,115.5176693,28-Nov-20,18-Oct-20,SWC_051,KooianaRd2008cbi11,PB,Low,NS,1.4375,1.583333333,1,1.3125,1.625,1,226.371,256.59393,0.13251,-0.12408,KooianaRd,2008,cbi,cbi11,,jbf,lo,80,1,,1,,0,0.666666667,50,2,2.25,,2,2.083333333,5,2,2,2,2,2,20,0.5,,1,1.5,,1,,,,,,,,,3,,1,,2,,1,1.5,,1.25,,,2.5,1,1.75,4,,,,,0.25,0.25,,,,,,,,
-31.12838,115.90415,19-Jan-20,17-Sep-19,SWC_046,RedGully2004_CBI4,PB,Low,NS,1.214583333,1.486111111,0.4,,,,225.99535,252.67934,0.11707,-0.13561,RedGullyNR,2004,CBI,CBI4,,JBF,L,65,1.5,NA,0.5,NA,0.5,0.833333333,55,2,2.5,2,2,2.125,30,1.5,1.5,1.5,1.5,1.5,15,0.5,0,1,0.5,0,0.4,,,,,,,,"mostly burned, some unburned, plot centred unburnt, Low Sev",,,,,,,,,,,,,,,,,,,,,,,,,,166.4980969,170.5574778,0.022301259,-0.148256216,1142.105114
-31.16571318,115.5178895,28-Nov-20,18-Oct-20,SWC_051,KooianaRd2008cbi10,PB,Mod,NS,1.2,1.4,0.8125,1.4375,1.875,1,225.68648,253.7775,0.12347,-0.13031,KooianaRd,2008,cbi,cbi10,,jbf,mod,75,1.5,,1,,0,0.833333333,30,2,1.75,2,2,1.9375,0,,,,,,20,1.25,0,1,1,,0.8125,,,,,,,,,3,,2,,2.5,,1,1.5,,1.25,,,2.5,0.5,1.5,4,,,,,0.5,0.5,,,,,,,,
-31.380238,115.765787,24-Nov-20,18-Oct-20,SWC_052,YealNR2012.2006veg6,PB,Mod,NS,1.433333333,1.694444444,0.65,1.291666667,1.666666667,0.916666667,222.82349,266.8735,0.19669,-0.07018,YealNR,2012.2006,veg,veg6,,"jbf, bgh",mod,85,1.5,,,,0,0.75,30,2.5,2.5,,2,2.333333333,15,2,2,2,2,2,35,1,0,1,1,0.25,0.65,,,,,,,,low end of mod sev.,2.5,1.5,0.5,,1.5,25,1.5,1.5,2.5,1.833333333,25,1.5,2,0,1.166666667,6.5,50,1,0,,1,0.666666667,,,,,,,,
-31.16683729,115.6758566,25-Nov-20,24-Sep-20,SWC_010,MooreRiverNR2008veg4,PB,Low,NS,1.09375,1.291666667,0.5,1.1875,1.25,1.125,217.2088,255.09312,0.17341,-0.08168,MooreRiverNR,2008,veg,veg4,,"jbf, bgh",lo,60,1.5,,1.5,,0.25,1.083333333,40,1.5,1.5,,2,1.666666667,5,1,1,1.5,1,1.125,15,0.5,0,1,0.5,,0.5,,,,,,,,,3,,2,,2.5,,0,,,0,,,2,0.5,1.25,6,,,,,1,1,,,,,,,,
-31.01889377,115.8775198,26-Nov-20,30-Aug-20,SWC_046,MogumberRd1990veg7,PB,Mod,NS,1.460416667,1.513888889,1.3,1.21875,1.125,1.3125,172.45103,188.79512,0.09378,-0.09502,MogumberRd,1990,veg,veg7,,bgh,mod,60,1,,0.5,,0,0.5,30,2,2.25,,1.5,1.916666667,20,1.5,2.5,2.5,2,2.125,10,0.5,0,2.5,1,2.5,1.3,,,,,,,,hgt of corycalo crown ensured canopy was intact.,2.5,1,0.5,0,1,50,1,1.5,,1.25,50,2.5,2.5,1,2,8,25,0,0,0,2.5,0.625,lesser strata presence in vicinity to corycalo. Lo bordering mod if not for corycalo stand.,lat-longs entered for veg plots bc firemon&ozcbi centre done a few meteres w of each veg plot to stay away from firebreak sand track.,,,,,,
-31.01680047,115.8778678,26-Nov-20,30-Aug-20,SWC_046,MogumberRd1990veg2,PB,Low,NS,1.114583333,1.111111111,1.125,1.010416667,0.875,1.145833333,162.37457,185.83861,0.14351,-0.04233,MogumberRd,1990,veg,veg2,,bgh,lo,50,0.5,,1,,0,0.5,40,1,2,,1,1.333333333,25,1.5,1.5,1.5,1.5,1.5,10,1.5,,1,1.5,0.5,1.125,,,,,,,,eucatodt 80%charred.,3,1,0.5,,1.5,50,0,0.5,,0.25,50,1,2,2,1.666666667,4.5,25,1,0,0.5,1,0.625,"Eucatodt resp, canopy= bankatte & eucatodt",lat-longs entered for veg plots bc firemon&ozcbi centre done a few meteres w of each veg plot to stay away from firebreak sand track.,,,,,,
-31.01758976,115.8777699,26-Nov-20,30-Aug-20,SWC_046,MogumberRd1990veg4,PB,Low,NS,1.058333333,1.111111111,0.9,1.010416667,0.9375,1.083333333,160.45041,174.75951,0.08818,-0.08658,MogumberRd,1990,veg,veg4,,bgh,lo,60,1,,0.5,,0,0.5,40,1.5,1.5,,1,1.333333333,20,1.5,1.5,2,1,1.5,15,1.5,0,1,1.5,0.5,0.9,,,,,,,,,2,0.5,0.5,0.5,0.875,50,0.5,1.5,,1,25,1.5,2.5,0.5,1.5,4,25,1,0,,1,0.666666667,l0. stark transition to open heath w wide tracts of sand and no canopy. Dominated by adencygn.,lat-longs entered for veg plots bc firemon&ozcbi centre done a few meteres w of each veg plot to stay away from firebreak sand track.,,,,,,
-31.357489,115.593012,17-Jan-20,11-Dec-19,SWC_057,CaraWestPB_ub1,WF,UB,NS,0,0,0,,,,154.97812,189.5631,0.22216,0.0326,CarabanWest,2015.05,CBI,ub1,,"JBF, LLW",unburnt,0,0,0,0,0,0,0,40,0,0,0,0,0,10,0,0,0,0,0,25,0,0,0,0,0,0,,,,,,,,unburnt (control plot --like control for CBI not Phoebe),,,,,,,,,,,,,,,,,,,,,,,,,,112.4998807,134.3784201,0.191426681,0.05704826,307.134283
-31.24524618,115.9998601,26-Nov-20,13-Sep-20,SWC_058,CullallaRd2001cbi4,PB,Low,NS,0.08125,0.083333333,0.075,0.25,0.5,0,134.25441,149.82823,0.115,-0.03483,CullallaRd,2001,cbi,cbi4,,jbf,lo,5,0,,0,,0,0,20,0,0,,0,0,50,0.5,0.25,0.25,0,0.25,15,0.1,0,0.1,0.1,,0.075,,,,,,,,unburnt w low sev 20m away.,3,,0,0,1,,0,0,,0,,,,0,0,6,,,,,0,0,,,,,,,,
-31.3685734,115.7551902,24-Nov-20,18-Oct-20,SWC_052,YealNR2006veg5,PB,Low,NS,0.2375,0.316666667,0,,,,124.24368,144.65355,0.16327,0.01862,YealNR,2006,veg,veg5,5521,"jbf, nje",lo,95,0.1,,0,,0,0.033333333,30,0.25,0.5,,0.5,0.416666667,10,0.5,0.5,0.5,0.5,0.5,25,0,0,0,0,0,0,,,,,,,,,,,,,,,,,,,,,,,,,,,,,,,unburnt mostly. Sm fingers of lo sev fire in outer part of plot.,,missing cbi data,,,,,
-31.12512,115.90631,19-Jan-20,17-Sep-19,SWC_046,RedGully2004_CBI3,PB,UB,NS,0,0,0,,,,110.81702,125.6307,0.13268,0.00705,RedGullyNR,2004,CBI,CBI3,,JBF,U,0,0,NA,0,NA,0,0,60,0,0,0,0,0,25,0,0,0,0,0,10,0,0,0,0,0,0,,,,,,,,Unburned patch inside PB,,,,,,,,,,,,,,,,,,,,,,,,,,62.36452832,65.26951346,0.045724636,-0.019544877,305.2356449
-31.16738317,115.6657598,25-Nov-20,24-Sep-20,SWC_010,MooreRiverNR1996veg2,PB,UB,NS,0,0,0,0,0,0,109.93444,115.31546,0.04795,-0.06737,MooreRiverNR,1996,veg,veg2,,"jbf, bgh",ub,0,0,0,0,0,0,0,40,0,0,0,0,0,20,0,0,0,0,0,10,0,0,0,0,0,0,,,,,,,,,0,,0,,0,,,,,,,,0,0,0,4,,,,,0,0,,,,,,,,
-31.37624846,115.76204,24-Nov-20,18-Oct-20,SWC_052,YealNR2012.2006veg1,PB,Low,NS,0.166666667,0.222222222,0,0.1875,0.375,0,69.73548,77.95692,0.11689,0.03894,YealNR,2012.2006,veg,veg1,,"jbf, bgh",lo,10,0,,0,,0,0,40,0.5,0.5,,0.25,0.416666667,15,0.25,0.25,0.25,0.25,0.25,25,0,0,0,0,0,0,,,,,,,,unburnt w sm burnt patches on edge,3,0,0,0,0.75,50,0,0,0,0,25,0,0,0,0,5,25,0,0,0,0,0,,,,,,,,
-31.356538,115.590817,17-Jan-20,11-Dec-19,SWC_057,CaraWestPB_ub1,WF,Low,NS,0.1025,0.116666667,0.06,,,,64.26826,73.2998,0.13953,0.06623,CarabanWest,2015.05,CBI,ub1,,"jbf, llw",low,5,0.2,NA,0,0,0,0.05,60,0.2,0.2,0,0.5,0.225,10,0.2,0,0.1,0,0.075,35,0.1,0,0.1,0,0.1,0.06,,,,,,,,"mostly unburned, bordered by fire; burnt edges.",,,,,,,,,,,,,,,,,,,,,,,,,,68.51828808,77.82096438,0.134920437,0.057099472,211.8642785
-31.355679,115.589914,17-Jan-20,11-Dec-19,SWC_057,CaraWestPB_pb6,WF,Mod,CS,1.755208333,1.840277778,1.5,,,,541.72906,697.43433,0.28642,-0.41101,CarabanWest,2015.05,CBI,pb6,,"JBF, LLW",mod sev,90,1.5,NA,1,NA,0,0.833333333,35,2,2.5,2,2.5,2.25,15,2.5,2.5,2.25,2.5,2.4375,25,2,0.5,2.5,2,0.5,1.5,,,,,,,,"mod sev, some small unburnt patches, banksia sessilis scorch but not consumed",,,,,,,,,,,,,,,,,,,,,,,,,,537.8909161,705.0742713,0.309635909,-0.395438381,1267.095086
-31.125258,115.916975,19-Jan-20,17-Sep-19,SWC_046,RedGully1978_plot1,PB,Mod,PS,1.841666667,1.972222222,1.45,,,,390.68695,448.65625,0.14738,-0.30128,RedGullyNR,1978,veg,plot1,,JBF,M,96,1.75,NA,0.5,NA,0.5,0.916666667,50,2.5,2.5,2,2.75,2.4375,20,2.25,2.5,2.5,3,2.5625,10,2.25,0,2,2.5,0.5,1.45,,,,,,,,"String of unburned 5m S of plot, Surface fire w moderate scorch, Mod Sev",,,,,,,,,,,,,,,,,,,,,,,,,,264.2329617,266.7414538,0.008616344,-0.258125101,2873.617707
-31.37517474,115.7704476,18-Jan-20,19-Sep-19,SWC_052,Yeal80_plot2,PB,Mod,PS,2.2625,2.583333333,1.3,,,,379.26917,451.12729,0.18846,-0.26266,YealNR,1980,veg,plot2,,"JBF, AJB",mod,100,2.5,NA,2,NA,1.5,2,50,2.5,3,3,3,2.875,10,2.5,3,3,3,2.875,35,2,0,2,1.5,1,1.3,,,,,,,,some foliage on subshrubs; lower tree canopy scorch; mod sev.,,,,,,,,,,,,,,,,,,,,,,,,,,271.7111449,303.3187281,0.115093668,-0.188225056,894.0740925
-31.384353,115.798854,18-Jan-20,19-Sep-19,SWC_052,Yeal2001_CBI3,PB,Mod,PS,2.33125,2.541666667,1.7,,,,354.38147,453.32318,0.2782,-0.17513,YealNR,2001,CBI,CBI3,,"JBF, AJB",mod,100,2.5,1.5,2,NA,1.5,1.875,40,2.5,3,3,3,2.875,10,2.5,3,3,3,2.875,20,2,1,2,2,1.5,1.7,,,,,,,,severe surface; reasonable canopy scorch; lots of epicormic; proteaceous roots; low shrubs all xantprei.,,,,,,,,,,,,,,,,,,,,,,,,,,252.3127844,291.3024154,0.153931794,-0.137370618,742.4717257
-31.37429958,115.7770593,18-Jan-20,19-Sep-19,SWC_052,Yeal80_plot2,PB,Mod,PS,2.18125,2.541666667,1.1,,,,342.69943,467.50223,0.36318,-0.10433,YealNR,1979,veg,plot2,,"JBF, AJB",mod?,100,2,2,2,NA,1.5,1.875,20,2.5,3,3,3,2.875,35,2.5,3,3,3,2.875,30,1.5,0,1.5,1.5,1,1.1,,,,,,,,all Kunzea dead with foliage; most canopy intact with lower canopy scorch.,,,,,,,,,,,,,,,,,,,,,,,,,,253.6870233,312.947783,0.233270012,-0.079677776,647.9513869
-31.38264255,115.772186,24-Nov-20,18-Oct-20,SWC_052,YealNR1993cbi3,PB,Mod,PS,1.339583333,1.652777778,0.4,1.78125,2.5625,1,327.40219,407.62775,0.24404,-0.16359,YealNR,1993,cbi,cbi3,,"bgh, nje",mod,90,1.5,,0.5,0.5,0,0.625,30,2.5,3,,3,2.833333333,15,1.5,1.5,1,2,1.5,25,1.5,0,0,0,0.5,0.4,,,,,,,,,3,3,1,2.5,2.375,50,3,,2.5,2.75,25,1.5,2.5,0.5,1.5,5,25,0.5,0.5,,0.5,0.5,,,,,,,,
-32.318658,115.801462,21-Jan-20,21-Oct-19,SWC_065,TAMUB_plot5,PB,Mod,PS,1.87,2.25,1.3,,,,327.20331,443.48285,0.35437,-0.08911,TamworthHill,0,veg,plot5,,JBF,M,98,2,NA,1,0.5,1,1.125,30,2.5,3,2.5,3,2.75,2,2.5,3,3,3,2.875,35,1.5,0,1.5,1.5,0.5,1,10,2,0,2,2,2,1.6,Allofras and Eucamarg tall trees w significant scorch.  Downhill Banksia largely underburnt. Mod severity,,,,,,,,,,,,,,,,,,,,,,,,,,241.4037781,313.4749756,0.298647702,-0.014827287,573.6186839
-31.37714138,115.6497899,17-Jan-20,10-Oct-19,SWC_048,CoppinoRd_plot3,PB,Mod,PS,1.836458333,2.048611111,1.2,,,,325.74411,404.67108,0.2413,-0.16337,CarabanEast,2008,veg,plot3,,"JBF, LLW",mod sev,95,2,NA,1.5,NA,0.5,1.333333333,60,2.5,2.75,2.5,3,2.6875,5,2,1.5,2.5,2.5,2.125,35,0.5,1,1.5,2,1,1.2,,,,,,,,"limited torching, reasonable scorch, some canopy survived",,,,,,,,,,,,,,,,,,,,,,,,,,243.7508622,277.3131356,0.136751754,-0.140561386,749.9010955
-32.318256,115.8021,21-Jan-20,21-Oct-19,SWC_065,TAMUB_plot6,PB,Mod,PS,1.495,1.875,0.925,,,,299.97018,374.71893,0.24819,-0.12653,TamworthHill,0,veg,plot6,,JBF,M,85,1.5,NA,1,1,1,1.125,25,2.5,2.5,2.5,2.5,2.5,10,2,2,2,2,2,25,1.5,0,1.5,1.5,0.25,0.95,15,1.5,0,1.5,1,0.5,0.9,Moderate severity; overstory unaltered but some scorch. Understory somewhat uniformly burnt; patches of high intensity with log burn out,,,,,,,,,,,,,,,,,,,,,,,,,,187.0718975,224.2074887,0.200723572,-0.023483916,500.4387446
-31.1662913,115.6682449,25-Nov-20,24-Sep-20,SWC_010,MooreRiverNR1996veg4,PB,Low,PS,1.3125,1.541666667,0.625,1.75,2.375,1.125,297.4281,360.90399,0.21242,-0.14849,MooreRiverNR,1996,veg,veg4,,"jbf, bgh",lo,95,1.5,,1,,0,0.833333333,40,2,2.5,,2,2.166666667,2,2,1.5,1.5,1.5,1.625,15,0.5,0,1,1,,0.625,,,,,,,,light canopy damage. No char. Unburnt pockets remain.,3,,1.5,,2.25,,2.5,,,2.5,,,2,1.5,1.75,5,,,,,0.5,0.5,,,,,,,,
-31.24609584,116.0019851,26-Nov-20,13-Sep-20,SWC_058,CullallaRd2001veg1,PB,Mod,PS,1.390625,1.4375,1.25,1.4375,1.625,1.25,295.42947,329.87274,0.11559,-0.21429,CullallaRd,2001,veg,veg1,,jbf,mod,70,1.5,,1,,0,0.833333333,45,1.5,2.25,,2,1.916666667,12,1.75,1.5,1.5,1.5,1.5625,25,1.5,0.5,1.5,1.5,,1.25,,,,,,,,mix unburnt and hi sev.,2.5,,2,1.5,2,,1,1.5,,1.25,,,,1,1,6,,,,,1.5,1.5,,,,,,,,
-31.37572392,115.6497363,17-Jan-20,10-Oct-19,SWC_048,CaraE08_plot1,PB,Mod,PS,1.20625,1.208333333,1.2,,,,292.31613,348.61343,0.19159,-0.15702,CarabanEast,2008,veg,plot1,,"jbf, llw",mod,70,1.5,NA,0,0,0.5,0.5,50,1.5,2.5,0,1.5,1.375,10,2,1.5,2,1.5,1.75,20,2,0,2,1.5,0.5,1.2,,,,,,,,unburnt patch with some scorching of overstory,,,,,,,,,,,,,,,,,,,,,,,,,,209.982204,234.2646676,0.114509498,-0.119755172,692.2867766
-31.24569411,116.0013219,26-Nov-20,13-Sep-20,SWC_058,CullallaRd2001cbi1,PB,Mod,PS,1.145833333,1.277777778,0.75,1.0625,1.625,0.5,285.06757,316.21399,0.10826,-0.20795,CullallaRd,2001,cbi,cbi1,,jbf,mod,60,1,,0.5,,0,0.5,40,1.5,2,,2,1.833333333,2,1.5,1.5,1.5,1.5,1.5,30,1,0,1,1,,0.75,,,,,,,,,3,,2,1,2,,1,1.5,,1.25,,,,0.5,0.5,6,,,,,0.5,0.5,,,,,,,,
-32.318603,115.800318,21-Jan-20,21-Oct-19,SWC_065,TAMUB_plot3,PB,Low,PS,1.395,1.875,0.675,,,,283.70892,354.64627,0.24904,-0.10561,TamworthHill,0,veg,plot3,,JBF,L,98,1.5,NA,1,1,1,1.125,35,2.5,2.5,2.5,2,2.375,2,2.5,2,2,2,2.125,12,1,0,1,1,0.5,0.7,25,1,0,1,1,0.25,0.65,"tuart overstory, low severity but with long combustion, Banksia snags and logs combusted pretty fully. Some patches of significant scorch in Casuarina.",,,,,,,,,,,,,,,,,,,,,,,,,,220.5433357,274.3335503,0.242816045,-0.03151751,556.7243715
-31.1657909,115.6684564,25-Nov-20,24-Sep-20,SWC_010,MooreRiverNR1996tree13,PB,Mod,PS,1.536458333,1.881944444,0.5,1.5625,2,1.125,276.45706,336.11569,0.2148,-0.12132,MooreRiverNR,1996,veg,tree13,,"jbf, bgh",mod,95,1.5,,1,,0,0.833333333,35,2.5,2.5,,2.5,2.5,10,2,2.5,2.25,2.5,2.3125,25,0.5,0,1,0.5,,0.5,,,,,,,,,2.5,,1.5,,2,,2,,,2,,,2,0.5,1.25,6.5,,,,,1,1,,,,,,,,
-31.16675716,115.6681841,25-Nov-20,24-Sep-20,SWC_010,MooreRiverNR1996veg5,PB,Mod,PS,1.583333333,1.611111111,1.5,1.375,1.375,1.375,276.38724,327.22101,0.18292,-0.1443,MooreRiverNR,1996,veg,veg5,,"jbf, bgh",mod,80,1.5,,1,,0.25,0.916666667,35,2,2.5,,2,2.166666667,20,2,1.5,1.5,2,1.75,20,2,0.5,2,1.5,,1.5,,,,,,,,,2.5,,1,,1.75,,1,,,1,,,2.5,1,1.75,6,,,,,1,1,,,,,,,,
-31.18516148,115.5151307,28-Nov-20,18-Oct-20,SWC_051,KooianaRd2008cbi4,PB,Mod,PS,1.536458333,1.548611111,1.5,1.541666667,1.833333333,1.25,275.70297,313.67703,0.13674,-0.17694,KooianaRd,2008,cbi,cbi4,,jbf,mod,50,1.5,,1.5,,0,1,50,1.5,2,,2,1.833333333,5,2,1.75,1.5,2,1.8125,1.5,2,0,2,2,,1.5,,,,,,,,eucatodt char 100% height. Banksia <25%.,3,,2,1.5,2.166666667,,1.5,1.5,,1.5,,,2.5,0.5,1.5,3.5,,,,,1,1,,,,,,,,
-31.59222789,115.9484572,27-Nov-20,16-Sep-20,SWC_038,BanksiaTrk1965veg6,PB,Mod,PS,1.901041667,2.013888889,1.5625,2.03125,2.3125,1.75,275.49838,288.97916,0.04793,-0.24105,BanksiaTrk,1965,veg,veg6,,bgh,mod,100,1,,1,,0,0.666666667,15,3,3,,3,3,70,2.5,3,2,2,2.375,15,2.25,0,2,2,,1.5625,,,,,,,,greater bankatte presence and mode of a distinctive canopy.,1.5,3,1,1,1.625,25,3,3,,3,100,3,,2,2.5,4,25,2,0,,1,1,live foliage present at max hgt on bankatte and adencygn.,,,,,,,
-31.35582293,115.5930809,17-Jan-20,11-Dec-19,SWC_057,CaraWestPB_pb4,WF,Mod,PS,1.765625,1.9375,1.25,,,,260.43619,307.47696,0.17962,-0.12785,CarabanWest,2015.05,veg,pb4,,"JBF, LLW",mod-high,90,1.75,NA,1,0,0.5,0.8125,40,2.5,2.5,2.5,3,2.625,20,2,2.5,2.5,2.5,2.375,25,2.25,0.5,1.5,1.5,0.5,1.25,,,,,,,,,,,,,,,,,,,,,,,,,,,,,,,,,,261.3601819,306.7749401,0.172705738,-0.134069207,738.1871772
-31.16575642,115.6693077,25-Nov-20,24-Sep-20,SWC_010,MooreRiverNR1996tree11,PB,Mod,PS,2,2,2,2.1875,2.5,1.875,252.57956,290.93457,0.15085,-0.14008,MooreRiverNR,1996,veg,tree11,,"jbf, bgh",mod,98,1.75,,1.5,,0,1.083333333,35,2.75,2.75,,2.5,2.666666667,5,2,2.5,2.5,2,2.25,20,2.5,1,2,2.5,,2,,,,,,,,,2.5,,2.5,,2.5,,2.5,,,2.5,,,2.5,1,1.75,5.5,,,,,2,2,,,,,,,,
-31.1662712,115.517156,28-Nov-20,18-Oct-20,SWC_051,KooianaRd2008cbi9,PB,Mod,PS,1.833333333,2.069444444,1.125,1.5,2,1,252.05061,277.55725,0.1002,-0.17736,KooianaRd,2008,cbi,cbi9,,jbf,mod,97,1.5,,1,,0,0.833333333,40,2.5,2.75,,3,2.75,5,2,3,2.5,3,2.625,20,1.5,0,1.5,1.5,,1.125,,,,,,,,surface mostly burnt. Canopy largely intact.,3,,2,,2.5,,1.5,1.5,,1.5,,,2,1,1.5,4.5,,,,,0.5,0.5,,,,,,,,
-32.31871,115.79964,21-Jan-20,21-Oct-19,SWC_065,TAMUB_CBI1,PB,Mod,PS,1.72,2.333333333,0.8,,,,247.20227,352.8728,0.42647,0.07359,TamworthHill,0,CBI,CBI1,,JBF,LowMod,100,2.5,NA,1,1.5,1,1.5,10,2.5,3,3,3,2.875,5,2.5,2.5,2.5,3,2.625,25,1.5,0,2,1,0.5,1,15,0.5,0,1,1,0.5,0.6,"heavy surface fire, lower canopy scorch, low-mod severity",,,,,,,,,,,,,,,,,,,,,,,,,,170.6160916,228.319671,0.336873818,0.108554148,393.3776675
-31.356939,115.585326,17-Jan-20,11-Dec-19,SWC_057,CaraWestContol_CBI1,WF,Mod,PS,1.835416667,2.013888889,1.3,,,,243.29056,270.86987,0.11236,-0.15851,CarabanWest,2005.02,CBI,CBI1,,"JBF, LLW",mod,95,1.5,NA,0.5,NA,1.5,1.166666667,50,2.5,2.5,2.5,2.5,2.5,15,2,2.5,2.5,2.5,2.375,20,2,1,1.5,1.5,0.5,1.3,,,,,,,,no notes,,,,,,,,,,,,,,,,,,,,,,,,,,248.1485039,276.2732671,0.112695995,-0.16357727,822.9711704
-31.01712859,115.8778256,26-Nov-20,30-Aug-20,SWC_046,MogumberRd1990veg3,PB,Low,PS,1.433333333,1.444444444,1.4,1.010416667,0.625,1.395833333,239.95831,270.93054,0.12807,-0.14286,MogumberRd,1990,veg,veg3,,bgh,lo,55,1.5,,,,0,0.75,40,1.5,2,,2,1.833333333,60,2,1.5,1.5,2,1.75,15,2.25,0,1.5,1.75,1.5,1.4,,,,,,,,"eucatodt hi char, hi crown loss. Bordering unburnt swathe, 50% of plot.",2.5,0,0.5,,1,50,0,0.5,,0.25,75,2,2.5,2,2.166666667,5,25,1.5,0,0,1,0.625,lo-mod. Eucatodt hi char and crown loss.,lat-longs entered for veg plots bc firemon&ozcbi centre done a few meteres w of each veg plot to stay away from firebreak sand track.,,,,,,
-31.01851742,115.8766043,26-Nov-20,30-Aug-20,SWC_046,MogumberRd1990cbi2,PB,Low,PS,1.102083333,1.069444444,1.2,1.072916667,1.083333333,1.0625,232.41785,241.19031,0.03674,-0.20445,MogumberRd,1990,cbi,cbi2,,bgh,lo,40,0.5,,0.5,,0,0.333333333,60,1.5,2,,1,1.5,60,1.5,1.5,1.5,1,1.375,10,1.5,0,1.5,1.5,1.5,1.2,,,,,,,,,3,0,0.5,0.5,1,75,0,1,2.5,1.166666667,75,1,2.5,1,1.5,4,25,0,0,0,2.5,0.625,lo. Dark orange seems to hold small bankatte.,,,,,,,
-31.18457912,115.5166048,28-Nov-20,18-Oct-20,SWC_051,KooianaRd2008cbi2,PB,Mod,PS,1.375,1.333333333,1.5,1.875,2.375,1.375,227.85275,268.96259,0.17942,-0.08954,KooianaRd,2008,cbi,cbi2,,jbf,mod,68,1,,,,0,0.5,55,1.75,2.25,,2,2,2,1.5,1.5,1.5,1.5,1.5,15,2,0,2,2,,1.5,,,,,,,,mod sev due to ub patch.,3,,2,,2.5,,2,2.5,,2.25,,,2,0.5,1.25,4,,,,,1.5,1.5,eucatodt all scorch. Bankatte little bole scorch.,,,,,,,
-31.37020896,115.7566956,24-Nov-20,18-Oct-20,SWC_052,YealNR2006veg3,PB,Mod,PS,1.420833333,1.694444444,0.6,1.505208333,2.479166667,0.53125,216.30478,245.92488,0.13594,-0.10999,YealNR,2006,veg,veg3,5523,"jbf, nje",mod,85,1.5,,1,,1,1.166666667,30,2.25,2.5,,2.5,2.416666667,5,1.5,1.5,1.5,1.5,1.5,25,1,0,1,0.5,0.5,0.6,,,,,,,,,3,2.5,2.5,2.5,2.625,50,2.5,2,2.5,2.333333333,25,1.5,,0,0.75,4.5,25,0.5,0,0.5,0.25,0.3125,"canopy is lo sev, shrubs mod sev",,,,,,,
-31.35713998,115.5912379,17-Jan-20,11-Dec-19,SWC_057,CaraWestPB_pb2,WF,Mod,PS,1.441666667,1.555555556,1.1,,,,216.11383,246.9543,0.1417,-0.10525,CarabanWest,2015.05,veg,pb2,,"JBF, LLW",low-mod,80,1.5,NA,1.5,NA,0.5,1.166666667,35,2,2,2,2.5,2.125,5,1.5,1.5,1.5,1,1.375,40,2,0.5,1,1.5,0.5,1.1,,,,,,,,"within fire, subshrubs 60% canopy consumptsion, 40% scorch; overall 20% unburnt, 54% consume, 26% scorch",,,,,,,,,,,,,,,,,,,,,,,,,,210.0629063,238.8757713,0.136656518,-0.102219254,646.1850808
-31.01638724,115.8779095,26-Nov-20,30-Aug-20,SWC_046,MogumberRd1990veg1,PB,Mod,PS,1.65625,1.708333333,1.5,1.395833333,1.1875,1.604166667,202.89737,236.60762,0.16514,-0.07146,MogumberRd,1990,veg,veg1,,bgh,mod,70,1.75,,2.5,,0,1.416666667,60,1.5,2,,2,1.833333333,20,2,2,2,1.5,1.875,15,2.5,0,2,2,1,1.5,,,,,,,,eucatodt w regen present. ,1.5,1,1,1,1.125,75,1,1.5,,1.25,50,2.5,2.5,2,2.333333333,4.6,25,1.5,0,1,1,0.875,Eucatodt burnt char 100%.,lat-longs entered for veg plots bc firemon&ozcbi centre done a few meteres w of each veg plot to stay away from firebreak sand track.,,,,,,
-31.53375,115.66599,20-Jan-20,11-Dec-19,SWC_057,Yanch09_CBI5,PBWF,Mod,PS,1.645,2.291666667,0.675,,,,196.18864,214.31198,0.09138,-0.12293,YanchepNP,2009,CBI,CBI5,,JBF,M,100,2,NA,NA,NA,1,1.5,50,2.5,3,3,3,2.875,10,2,2.5,2.5,3,2.5,20,2.25,0,2,2,0.5,1.35,0,0,0,0,0,0,0,"Suface Fire, Mod Sev, Mostly full Midstorey scorch, Overstorey sig scorch burn 30% remains",,,,,,,,,,,,,,,,,,,,,,,,,,118.9447365,117.8421483,-0.015616389,-0.133458537,942.9970736
-31.443279,115.610568,17-Jan-20,11-Dec-19,SWC_057,WilbingaRd_CaraWF2,WF,Low,PS,1.85,2.083333333,1.5,,,,181.96185,254.3965,0.39708,0.14268,CarabanWest,,CBI,CaraWF2,,"JBF, LLW",low sev,85,2,NA,1,1,1,1.25,25,2,2.5,2.5,2.5,2.375,5,2.5,2.5,2.5,3,2.625,2,2.5,0,2.5,2.5,2,1.9,50,1.5,0,2,1.5,0.5,1.1,Big tuart; surface fire; some scorch lower canopy; between 2016 and 2017 PBs,,,,,,,,,,,,,,,,,,,,,,,,,,151.370471,202.36791,0.336099837,0.133731923,349.0659569
-31.53318,115.66813,20-Jan-20,11-Dec-19,SWC_057,Yanch09_CBI6,PBWF,Mod,PS,1.559375,1.8125,0.8,,,,143.09068,149.62239,0.04465,-0.10498,YanchepNP,2009,CBI,CBI6,,JBF,M,100,1.5,NA,NA,NA,0.5,1,35,2.25,2.5,2,2.5,2.3125,10,2,2.5,2,2,2.125,20,1.5,0,1,1,0.5,0.8,0,,,,,,,"surface fire, midstory mixed scorch.  Canopy scorch 20-30%. Understory all top kill.  Low-Mod sev?",,,,,,,,,,,,,,,,,,,,,,,,,,98.72918471,99.95801486,0.012601628,-0.087356386,890.4392489
-31.408628,115.748469,2-May-21,11-Jan-21,SWC_XXX,RedwoodRd2005_CBI4,WF,Mod,PS,1.498958333,1.548611111,1.35,1.25,1.083333333,1.75,137.1116,113.86986,-0.17051,-0.28438,YealNR,2005,CBI,CBI4,na,JBF,mod sev,50,1,1,,,,1,10,1.5,2,,2,1.833333333,20,2,1.75,1.5,2,1.8125,2,1.75,0.25,1.75,2,1,1.35,,,,,,,,swamp. Mod sev.,,,0.5,,0.5,,1,,,1,,,1.5,2,1.75,,,,,,1.75,1.75,,,,,,,,
-31.385592,115.797565,18-Jan-20,19-Sep-19,SWC_052,Yeal2001_CBI4,PB,UB,UB,0,0,0,,,,107.07279,114.22412,0.06579,-0.04843,YealNR,2001,CBI,CBI4,,"JBF, AJB",unburnt,0,0,0,0,0,0,0,33,0,0,0,0,0,40,0,0,0,0,0,10,0,0,0,0,0,0,,,,,,,,unburned; adencygn; sparse tree cover.,,,,,,,,,,,,,,,,,,,,,,,,,,92.60436419,96.7369436,0.044114869,-0.052622074,460.5744732
-31.16644402,115.674563,25-Nov-20,24-Sep-20,SWC_010,MooreRiverNR2008cbi3,PB,UB,UB,0,0,0,0,0,0,103.40527,116.27332,0.12344,0.00717,MooreRiverNR,2008,cbi,cbi3,,"jbf, bgh",ub,0,0,,0,,0,0,45,0,0,,0,0,10,0,0,0,0,0,25,0,0,0,0,0,0,,,,,,,,,,,,,,,,,,,,,,,,,,,,,,,,,,,,,,
-31.385975,115.797452,18-Jan-20,19-Sep-19,SWC_052,Yeal2001_CBI5,PB,UB,UB,0,0,0,,,,99.69881,108.36462,0.08592,-0.02244,YealNR,2001,CBI,CBI5,,"JBF, AJB",unburnt,0,0,0,0,0,0,0,30,0,0,0,0,0,55,0,0,0,0,0,10,0,0,0,0,0,0,,,,,,,,unburned; tall shrubs all adencygn; sparse overstory.,,,,,,,,,,,,,,,,,,,,,,,,,,77.96000743,80.68224054,0.03437459,-0.046307649,435.1702395
-31.18423035,115.5191528,28-Nov-20,18-Oct-20,SWC_051,KooianaRd2014cbi1,PB,UB,UB,0,0,0,0,0,0,60.75725,74.75798,0.22944,0.15468,KooianaRd,2014,cbi,cbi1,,jbf,ub,0,,,,,,#DIV/0!,,,,,,#DIV/0!,,,,,,#DIV/0!,,,,,,,#DIV/0!,,,,,,,,heath w sparse trees.,,,,,,,,,,,,,,,,4,,,,,,,,,,,,,,
-31.54204,115.67207,20-Jan-20,11-Dec-19,SWC_057,Yanch01_CBI2,PBWF,UB,UB,0,0,,,,,53.63144,55.55495,0.03487,-0.02069,YanchepNP,2001,CBI,CBI2,,"JBF, Emma Clingan",U,0,0,NA,0,NA,0,0,40,,,,,,10,,,,,,10,,,,,,,,,,,,,,"No Fire, PB 2018 (?) Unburnt",,,,,,,,,,,,,,,,,,,,,,,,,,27.72426445,27.79828837,0.002056739,-0.025741549,612.9547478
-31.53474,115.66793,20-Jan-20,11-Dec-19,SWC_057,Yanch09_CBI3,PBWF,UB,UB,0,0,0,,,,11.87238,12.71527,0.07,0.05728,YanchepNP,2009,CBI,CBI3,,JBF,U,0,0,NA,0,NA,0,0,35,0,0,0,0,0,5,0,0,0,0,0,25,0,0,0,0,0,0,0,,,,,,,"unburned yanchep, fully burnt in 2018 PB",,,,,,,,,,,,,,,,,,,,,,,,,,11.60910798,12.37983842,0.065692567,0.053312729,48.30108197
